Workbook
Name Age30: Settings!$B$5
Name Age60: Settings!$B$6
Name Age90: Settings!$B$7
Name OpenAge: Settings!$B$13
Name OpenVal: Settings!$B$12
Name ShipDateUnits: Settings!$B$11
Name StartDate: Settings!$B$4
Name TotalShipped: Settings!$B$10

Sheet Instructions
A1: Component Inventory Tracker - How to Use
A2: Tracks how much money's worth of components is in storage and how long it sits before shipping.
A4: Set-up (do once)
B5: 1. Settings sheet | C5: Enter the go-live date (the day the opening inventory is counted). Change the 30/60/90-day aging limits if you like.
B6: 2. Items sheet | C6: Type each component's Item Code, Unit Cost and Opening Quantity in the yellow cells. Names are already filled in; edit them if needed. Room for 15 components (13 used).
A7: Day-to-day
B8: Received components | C8: Receiving sheet: use the next empty row. Enter the date, pick the item code from the drop-down, and enter the quantity. Name, cost and total cost fill in automatically.
B9: Shipped products | C9: Shipping sheet: use the next empty row. Enter the date, an order/serial number and how many finished products shipped. One of EVERY component is removed from stock automatically.
B10: Reading the results | C10: Dashboard sheet: total money in inventory, average days components sit before shipping, money by age bucket, and a per-component table with the aging flag.
A11: Colour key
B12: Yellow cell, blue text | C12: You type here.
B13: White / light-blue cell | C13: Calculated automatically. These cells are locked (sheet protection, no password) so formulas can't be overwritten by accident. Review > Unprotect Sheet if you need to change one.
B14: Fresh | C14: Oldest unshipped stock is within the first aging limit (default 30 days).
B15: Watch | C15: Past the first limit (default 31-60 days).
B16: Aging | C16: Past the second limit (default 61-90 days).
B17: Old | C17: Past the third limit (default over 90 days).
A18: Example of how entries look (not live data)
B19: Items | C19: Code: DS-100 Name: 64 GB SD Card Unit Cost: $12.50 Opening Qty: 40
B20: Receiving | C20: Date: 11/03/2026 Item Code: DS-100 Qty Received: 25 PO/Ref: PO-2231
B21: Shipping | C21: Date: 11/10/2026 Order/Serial #: SN-0007 Qty of Finished Products Shipped: 2
A22: Assumptions and how the numbers are calculated
B23: One of each component | C23: Every finished product contains exactly one of each component (stated by the company), so shipping N products uses N of every component.
B24: Opening stock date | C24: Arrival dates of existing stock are unknown, so it is dated on the go-live date in Settings. Its aging starts at zero on that date; aging for new deliveries is exact.
B25: First-in-first-out | C25: The oldest units are assumed to ship first. Days in storage for a shipped unit = ship date minus the date that unit was received.
B26: Average days before shipping | C26: Per component: average over all units shipped so far. Dashboard figure: cost-weighted average, so expensive components count more (matches the goal of dollars sitting in storage). Opening stock counts from the go-live date, not from its true arrival.
B27: Money in inventory | C27: On-hand quantity x the fixed unit cost entered on the Items sheet (costs do not change).
B28: Entry rules | C28: Keep Receiving and Shipping rows in date order and use the next empty row (don't leave gaps or sort the log). Room for 1,000 receipts and 1,000 shipments.
B29: Data check | C29: If a component shows negative stock, more products were logged as shipped than were received. Fix the log; averages are unreliable until then.
B30: Not included | C30: Returns, scrap/damage, and per-shipment average days are not tracked. For a count correction, add a receiving row for found stock; contact the builder to add other transaction types.

Sheet Dashboard
A1: Component Inventory Dashboard
A2: ="As of "&TEXT(TODAY(),"mm/dd/yyyy")&" | Dollar values are components at cost; aging = days since the oldest unshipped units were received." -> As of 10/15/2026 | Dollar values are components at cost; aging = days since the oldest unshipped units were received.
A3: Key Numbers
A4: Total value of components in inventory | B4: =SUM(Items!H5:H19) -> 142542
A5: Average days components stay in storage before shipping | B5: =IF(TotalShipped=0,"n/a",SUMPRODUCT(Items!C5:C19,Items!J5:J19)/SUM(Items!C5:C19)) -> n/a | D5: Cost-weighted average across all components (first-in-first-out).
A6: Finished products shipped (total) | B6: =TotalShipped -> 0
A7: Complete products that could be built from current stock | B7: =IF(COUNT(Items!G5:G19)=0,"n/a",MAX(0,MIN(Items!G5:G19))) -> 0
A8: Components flagged Aging or Old | B8: =COUNTIF(Items!L5:L19,"Aging")+COUNTIF(Items!L5:L19,"Old") -> 11
A9: Data check | B9: =IF(COUNTIF(Items!G5:G19,"<0")>0,"CHECK: negative stock on a component","OK") -> OK
A11: Money in Storage by Age
A12: Age bucket | B12: From (days) | C12: To (days) | D12: Value ($) | E12: % of total
A13: ="0-"&AGE30&" days (Fresh)" -> 0- days (Fresh) | B13: 0 | C13: =AGE30 -> 0 | D13: =SUMIFS(Receiving!$K$5:$K$1004,Receiving!$L$5:$L$1004,">="&B13,Receiving!$L$5:$L$1004,"<="&C13)+IF(AND(OpenAge>=B13,OpenAge<=C13),OpenVal,0) -> 0 | E13: =IF($D$17=0,0,D13/$D$17) -> 0
A14: =(AGE30+1)&"-"&AGE60&" days (Watch)" -> 1- days (Watch) | B14: =AGE30+1 -> 1 | C14: =AGE60 -> 0 | D14: =SUMIFS(Receiving!$K$5:$K$1004,Receiving!$L$5:$L$1004,">="&B14,Receiving!$L$5:$L$1004,"<="&C14)+IF(AND(OpenAge>=B14,OpenAge<=C14),OpenVal,0) -> 0 | E14: =IF($D$17=0,0,D14/$D$17) -> 0
A15: =(AGE60+1)&"-"&AGE90&" days (Aging)" -> 1- days (Aging) | B15: =AGE60+1 -> 1 | C15: =AGE90 -> 0 | D15: =SUMIFS(Receiving!$K$5:$K$1004,Receiving!$L$5:$L$1004,">="&B15,Receiving!$L$5:$L$1004,"<="&C15)+IF(AND(OpenAge>=B15,OpenAge<=C15),OpenVal,0) -> 0 | E15: =IF($D$17=0,0,D15/$D$17) -> 0
A16: ="Over "&AGE90&" days (Old)" -> Over days (Old) | B16: =AGE90+1 -> 1 | C16: =99999 -> 99999 | D16: =SUMIFS(Receiving!$K$5:$K$1004,Receiving!$L$5:$L$1004,">="&B16,Receiving!$L$5:$L$1004,"<="&C16)+IF(AND(OpenAge>=B16,OpenAge<=C16),OpenVal,0) -> 142542 | E16: =IF($D$17=0,0,D16/$D$17) -> 1
A17: Total | D17: =SUM(D13:D16) -> 142542 | E17: =SUM(E13:E16) -> 1 | F17: =IF(ROUND(D17-B4,2)=0,"Ties to total value","Does not tie - check data") -> Ties to total value
A19: By Component
A20: Component | B20: Item Code | C20: Unit Cost ($) | D20: On Hand | E20: Value ($) | F20: Avg Days in Storage Before Shipping | G20: Age of Oldest Stock On Hand (days) | H20: Aging Flag
A21: =IF(Items!B5="","",Items!B5) -> Vanilla Ice Cream Mix | B21: =IF(Items!A5="","",Items!A5) -> TNA-019 | C21: =IF(Items!A5="","",Items!C5) -> 80 | D21: =IF(Items!A5="","",Items!G5) -> 78 | E21: =IF(Items!A5="","",Items!H5) -> 6240 | F21: =IF(Items!A5="","",Items!J5) | G21: =IF(Items!A5="","",Items!K5) -> 1 | H21: =IF(Items!A5="","",Items!L5) -> Old
A22: =IF(Items!B6="","",Items!B6) -> Chocolate Ice Cream Mix | B22: =IF(Items!A6="","",Items!A6) -> TNA-481 | C22: =IF(Items!A6="","",Items!C6) -> 80 | D22: =IF(Items!A6="","",Items!G6) -> 9 | E22: =IF(Items!A6="","",Items!H6) -> 720 | F22: =IF(Items!A6="","",Items!J6) | G22: =IF(Items!A6="","",Items!K6) -> 1 | H22: =IF(Items!A6="","",Items!L6) -> Old
A23: =IF(Items!B7="","",Items!B7) -> Strawberry Ice Cream Mix | B23: =IF(Items!A7="","",Items!A7) -> TNA-083 | C23: =IF(Items!A7="","",Items!C7) -> 80 | D23: =IF(Items!A7="","",Items!G7) -> 0 | E23: =IF(Items!A7="","",Items!H7) -> 0 | F23: =IF(Items!A7="","",Items!J7) | G23: =IF(Items!A7="","",Items!K7) | H23: =IF(Items!A7="","",Items!L7) -> Empty
A24: =IF(Items!B8="","",Items!B8) -> Rainbow Spinkles | B24: =IF(Items!A8="","",Items!A8) -> TNA-032 | C24: =IF(Items!A8="","",Items!C8) -> 700 | D24: =IF(Items!A8="","",Items!G8) -> 130 | E24: =IF(Items!A8="","",Items!H8) -> 91000 | F24: =IF(Items!A8="","",Items!J8) | G24: =IF(Items!A8="","",Items!K8) -> 1 | H24: =IF(Items!A8="","",Items!L8) -> Old
A25: =IF(Items!B9="","",Items!B9) -> Chocolate Syrup | B25: =IF(Items!A9="","",Items!A9) -> TNA-321 | C25: =IF(Items!A9="","",Items!C9) -> 56 | D25: =IF(Items!A9="","",Items!G9) -> 12 | E25: =IF(Items!A9="","",Items!H9) -> 672 | F25: =IF(Items!A9="","",Items!J9) | G25: =IF(Items!A9="","",Items!K9) -> 1 | H25: =IF(Items!A9="","",Items!L9) -> Old
A26: =IF(Items!B10="","",Items!B10) -> Caramel Sauce | B26: =IF(Items!A10="","",Items!A10) -> TNA-257 | C26: =IF(Items!A10="","",Items!C10) -> 90 | D26: =IF(Items!A10="","",Items!G10) -> 6 | E26: =IF(Items!A10="","",Items!H10) -> 540 | F26: =IF(Items!A10="","",Items!J10) | G26: =IF(Items!A10="","",Items!K10) -> 1 | H26: =IF(Items!A10="","",Items!L10) -> Old
A27: =IF(Items!B11="","",Items!B11) -> Cruched Oreo Cookies | B27: =IF(Items!A11="","",Items!A11) -> TNA-05 | C27: =IF(Items!A11="","",Items!C11) -> 150 | D27: =IF(Items!A11="","",Items!G11) -> 253 | E27: =IF(Items!A11="","",Items!H11) -> 37950 | F27: =IF(Items!A11="","",Items!J11) | G27: =IF(Items!A11="","",Items!K11) -> 1 | H27: =IF(Items!A11="","",Items!L11) -> Old
A28: =IF(Items!B12="","",Items!B12) -> Choppped Peanuts | B28: =IF(Items!A12="","",Items!A12) -> TNA-017 | C28: =IF(Items!A12="","",Items!C12) -> 75 | D28: =IF(Items!A12="","",Items!G12) -> 40 | E28: =IF(Items!A12="","",Items!H12) -> 3000 | F28: =IF(Items!A12="","",Items!J12) | G28: =IF(Items!A12="","",Items!K12) -> 1 | H28: =IF(Items!A12="","",Items!L12) -> Old
A29: =IF(Items!B13="","",Items!B13) -> Waffle Cones | B29: =IF(Items!A13="","",Items!A13) -> TNA-045 | C29: =IF(Items!A13="","",Items!C13) -> 30 | D29: =IF(Items!A13="","",Items!G13) -> 3 | E29: =IF(Items!A13="","",Items!H13) -> 90 | F29: =IF(Items!A13="","",Items!J13) | G29: =IF(Items!A13="","",Items!K13) -> 1 | H29: =IF(Items!A13="","",Items!L13) -> Old
A30: =IF(Items!B14="","",Items!B14) -> Sugar Cones | B30: =IF(Items!A14="","",Items!A14) -> TNA-900 | C30: =IF(Items!A14="","",Items!C14) -> 45 | D30: =IF(Items!A14="","",Items!G14) -> 0 | E30: =IF(Items!A14="","",Items!H14) -> 0 | F30: =IF(Items!A14="","",Items!J14) | G30: =IF(Items!A14="","",Items!K14) | H30: =IF(Items!A14="","",Items!L14) -> Empty
A31: =IF(Items!B15="","",Items!B15) -> Ice Cream Cups | B31: =IF(Items!A15="","",Items!A15) -> TNA-067 | C31: =IF(Items!A15="","",Items!C15) -> 55 | D31: =IF(Items!A15="","",Items!G15) -> 22 | E31: =IF(Items!A15="","",Items!H15) -> 1210 | F31: =IF(Items!A15="","",Items!J15) | G31: =IF(Items!A15="","",Items!K15) -> 1 | H31: =IF(Items!A15="","",Items!L15) -> Old
A32: =IF(Items!B16="","",Items!B16) -> Plastic Ice Cream Spoons | B32: =IF(Items!A16="","",Items!A16) -> TNA-787 | C32: =IF(Items!A16="","",Items!C16) -> 30 | D32: =IF(Items!A16="","",Items!G16) -> 4 | E32: =IF(Items!A16="","",Items!H16) -> 120 | F32: =IF(Items!A16="","",Items!J16) | G32: =IF(Items!A16="","",Items!K16) -> 1 | H32: =IF(Items!A16="","",Items!L16) -> Old
... A35: =IF(Items!B19="","",Items!B19) | B35: =IF(Items!A19="","",Items!A19) | C35: =IF(Items!A19="","",Items!C19) | D35: =IF(Items!A19="","",Items!G19) | E35: =IF(Items!A19="","",Items!H19) | F35: =IF(Items!A19="","",Items!J19) | G35: =IF(Items!A19="","",Items!K19) | H35: =IF(Items!A19="","",Items!L19)
A36: Total | E36: =SUM(E21:E35) -> 142542

Sheet Items
A1: Items - Component Master List & Current Stock
A2: Enter Item Code, Unit Cost and Opening Quantity in the yellow cells (names are pre-filled from your list and can be edited). Columns E onward calculate automatically.
A4: Item Code | B4: Item Name | C4: Unit Cost ($) | D4: Opening Qty (at go-live) | E4: Qty Received (from Receiving log) | F4: Qty Used (finished products shipped) | G4: On Hand | H4: Inventory Value ($) | I4: Opening Qty Still on Hand | J4: Avg Days in Storage Before Shipping | K4: Age of Oldest Stock On Hand (days) | L4: Aging Flag
A5: TNA-019 | B5: Vanilla Ice Cream Mix | C5: 80 | D5: 78 | E5: =IF($A5="","",SUMIFS(Receiving!$D$5:$D$1004,Receiving!$B$5:$B$1004,$A5)) -> 0 | F5: =IF($A5="","",TotalShipped) -> 0 | G5: =IF($A5="","",D5+E5-F5) -> 78 | H5: =IF($A5="","",MAX(0,G5)*C5) -> 6240 | I5: =IF($A5="","",MAX(0,D5-TotalShipped)) -> 78 | J5: =IF(OR($A5="",TotalShipped=0),"",(ShipDateUnits-(MIN(D5,TotalShipped)*StartDate+SUMIFS(Receiving!$N$5:$N$1004,Receiving!$B$5:$B$1004,$A5)))/TotalShipped) | K5: =IF(OR($A5="",G5<=0),"",TODAY()-IF(I5>0,StartDate,_xlfn.MINIFS(Receiving!$A$5:$A$1004,Receiving!$B$5:$B$1004,$A5,Receiving!$I$5:$I$1004,">0"))) -> 1 | L5: =IF($A5="","",IF(G5<0,"CHECK COUNT",IF(G5=0,"Empty",IF(K5<=AGE30,"Fresh",IF(K5<=AGE60,"Watch",IF(K5<=AGE90,"Aging","Old")))))) -> Old
A6: TNA-481 | B6: Chocolate Ice Cream Mix | C6: 80 | D6: 9 | E6: =IF($A6="","",SUMIFS(Receiving!$D$5:$D$1004,Receiving!$B$5:$B$1004,$A6)) -> 0 | F6: =IF($A6="","",TotalShipped) -> 0 | G6: =IF($A6="","",D6+E6-F6) -> 9 | H6: =IF($A6="","",MAX(0,G6)*C6) -> 720 | I6: =IF($A6="","",MAX(0,D6-TotalShipped)) -> 9 | J6: =IF(OR($A6="",TotalShipped=0),"",(ShipDateUnits-(MIN(D6,TotalShipped)*StartDate+SUMIFS(Receiving!$N$5:$N$1004,Receiving!$B$5:$B$1004,$A6)))/TotalShipped) | K6: =IF(OR($A6="",G6<=0),"",TODAY()-IF(I6>0,StartDate,_xlfn.MINIFS(Receiving!$A$5:$A$1004,Receiving!$B$5:$B$1004,$A6,Receiving!$I$5:$I$1004,">0"))) -> 1 | L6: =IF($A6="","",IF(G6<0,"CHECK COUNT",IF(G6=0,"Empty",IF(K6<=AGE30,"Fresh",IF(K6<=AGE60,"Watch",IF(K6<=AGE90,"Aging","Old")))))) -> Old
A7: TNA-083 | B7: Strawberry Ice Cream Mix | C7: 80 | D7: 0 | E7: =IF($A7="","",SUMIFS(Receiving!$D$5:$D$1004,Receiving!$B$5:$B$1004,$A7)) -> 0 | F7: =IF($A7="","",TotalShipped) -> 0 | G7: =IF($A7="","",D7+E7-F7) -> 0 | H7: =IF($A7="","",MAX(0,G7)*C7) -> 0 | I7: =IF($A7="","",MAX(0,D7-TotalShipped)) -> 0 | J7: =IF(OR($A7="",TotalShipped=0),"",(ShipDateUnits-(MIN(D7,TotalShipped)*StartDate+SUMIFS(Receiving!$N$5:$N$1004,Receiving!$B$5:$B$1004,$A7)))/TotalShipped) | K7: =IF(OR($A7="",G7<=0),"",TODAY()-IF(I7>0,StartDate,_xlfn.MINIFS(Receiving!$A$5:$A$1004,Receiving!$B$5:$B$1004,$A7,Receiving!$I$5:$I$1004,">0"))) | L7: =IF($A7="","",IF(G7<0,"CHECK COUNT",IF(G7=0,"Empty",IF(K7<=AGE30,"Fresh",IF(K7<=AGE60,"Watch",IF(K7<=AGE90,"Aging","Old")))))) -> Empty
A8: TNA-032 | B8: Rainbow Spinkles | C8: 700 | D8: 130 | E8: =IF($A8="","",SUMIFS(Receiving!$D$5:$D$1004,Receiving!$B$5:$B$1004,$A8)) -> 0 | F8: =IF($A8="","",TotalShipped) -> 0 | G8: =IF($A8="","",D8+E8-F8) -> 130 | H8: =IF($A8="","",MAX(0,G8)*C8) -> 91000 | I8: =IF($A8="","",MAX(0,D8-TotalShipped)) -> 130 | J8: =IF(OR($A8="",TotalShipped=0),"",(ShipDateUnits-(MIN(D8,TotalShipped)*StartDate+SUMIFS(Receiving!$N$5:$N$1004,Receiving!$B$5:$B$1004,$A8)))/TotalShipped) | K8: =IF(OR($A8="",G8<=0),"",TODAY()-IF(I8>0,StartDate,_xlfn.MINIFS(Receiving!$A$5:$A$1004,Receiving!$B$5:$B$1004,$A8,Receiving!$I$5:$I$1004,">0"))) -> 1 | L8: =IF($A8="","",IF(G8<0,"CHECK COUNT",IF(G8=0,"Empty",IF(K8<=AGE30,"Fresh",IF(K8<=AGE60,"Watch",IF(K8<=AGE90,"Aging","Old")))))) -> Old
A9: TNA-321 | B9: Chocolate Syrup | C9: 56 | D9: 12 | E9: =IF($A9="","",SUMIFS(Receiving!$D$5:$D$1004,Receiving!$B$5:$B$1004,$A9)) -> 0 | F9: =IF($A9="","",TotalShipped) -> 0 | G9: =IF($A9="","",D9+E9-F9) -> 12 | H9: =IF($A9="","",MAX(0,G9)*C9) -> 672 | I9: =IF($A9="","",MAX(0,D9-TotalShipped)) -> 12 | J9: =IF(OR($A9="",TotalShipped=0),"",(ShipDateUnits-(MIN(D9,TotalShipped)*StartDate+SUMIFS(Receiving!$N$5:$N$1004,Receiving!$B$5:$B$1004,$A9)))/TotalShipped) | K9: =IF(OR($A9="",G9<=0),"",TODAY()-IF(I9>0,StartDate,_xlfn.MINIFS(Receiving!$A$5:$A$1004,Receiving!$B$5:$B$1004,$A9,Receiving!$I$5:$I$1004,">0"))) -> 1 | L9: =IF($A9="","",IF(G9<0,"CHECK COUNT",IF(G9=0,"Empty",IF(K9<=AGE30,"Fresh",IF(K9<=AGE60,"Watch",IF(K9<=AGE90,"Aging","Old")))))) -> Old
A10: TNA-257 | B10: Caramel Sauce | C10: 90 | D10: 6 | E10: =IF($A10="","",SUMIFS(Receiving!$D$5:$D$1004,Receiving!$B$5:$B$1004,$A10)) -> 0 | F10: =IF($A10="","",TotalShipped) -> 0 | G10: =IF($A10="","",D10+E10-F10) -> 6 | H10: =IF($A10="","",MAX(0,G10)*C10) -> 540 | I10: =IF($A10="","",MAX(0,D10-TotalShipped)) -> 6 | J10: =IF(OR($A10="",TotalShipped=0),"",(ShipDateUnits-(MIN(D10,TotalShipped)*StartDate+SUMIFS(Receiving!$N$5:$N$1004,Receiving!$B$5:$B$1004,$A10)))/TotalShipped) | K10: =IF(OR($A10="",G10<=0),"",TODAY()-IF(I10>0,StartDate,_xlfn.MINIFS(Receiving!$A$5:$A$1004,Receiving!$B$5:$B$1004,$A10,Receiving!$I$5:$I$1004,">0"))) -> 1 | L10: =IF($A10="","",IF(G10<0,"CHECK COUNT",IF(G10=0,"Empty",IF(K10<=AGE30,"Fresh",IF(K10<=AGE60,"Watch",IF(K10<=AGE90,"Aging","Old")))))) -> Old
A11: TNA-05 | B11: Cruched Oreo Cookies | C11: 150 | D11: 253 | E11: =IF($A11="","",SUMIFS(Receiving!$D$5:$D$1004,Receiving!$B$5:$B$1004,$A11)) -> 0 | F11: =IF($A11="","",TotalShipped) -> 0 | G11: =IF($A11="","",D11+E11-F11) -> 253 | H11: =IF($A11="","",MAX(0,G11)*C11) -> 37950 | I11: =IF($A11="","",MAX(0,D11-TotalShipped)) -> 253 | J11: =IF(OR($A11="",TotalShipped=0),"",(ShipDateUnits-(MIN(D11,TotalShipped)*StartDate+SUMIFS(Receiving!$N$5:$N$1004,Receiving!$B$5:$B$1004,$A11)))/TotalShipped) | K11: =IF(OR($A11="",G11<=0),"",TODAY()-IF(I11>0,StartDate,_xlfn.MINIFS(Receiving!$A$5:$A$1004,Receiving!$B$5:$B$1004,$A11,Receiving!$I$5:$I$1004,">0"))) -> 1 | L11: =IF($A11="","",IF(G11<0,"CHECK COUNT",IF(G11=0,"Empty",IF(K11<=AGE30,"Fresh",IF(K11<=AGE60,"Watch",IF(K11<=AGE90,"Aging","Old")))))) -> Old
A12: TNA-017 | B12: Choppped Peanuts | C12: 75 | D12: 40 | E12: =IF($A12="","",SUMIFS(Receiving!$D$5:$D$1004,Receiving!$B$5:$B$1004,$A12)) -> 0 | F12: =IF($A12="","",TotalShipped) -> 0 | G12: =IF($A12="","",D12+E12-F12) -> 40 | H12: =IF($A12="","",MAX(0,G12)*C12) -> 3000 | I12: =IF($A12="","",MAX(0,D12-TotalShipped)) -> 40 | J12: =IF(OR($A12="",TotalShipped=0),"",(ShipDateUnits-(MIN(D12,TotalShipped)*StartDate+SUMIFS(Receiving!$N$5:$N$1004,Receiving!$B$5:$B$1004,$A12)))/TotalShipped) | K12: =IF(OR($A12="",G12<=0),"",TODAY()-IF(I12>0,StartDate,_xlfn.MINIFS(Receiving!$A$5:$A$1004,Receiving!$B$5:$B$1004,$A12,Receiving!$I$5:$I$1004,">0"))) -> 1 | L12: =IF($A12="","",IF(G12<0,"CHECK COUNT",IF(G12=0,"Empty",IF(K12<=AGE30,"Fresh",IF(K12<=AGE60,"Watch",IF(K12<=AGE90,"Aging","Old")))))) -> Old
A13: TNA-045 | B13: Waffle Cones | C13: 30 | D13: 3 | E13: =IF($A13="","",SUMIFS(Receiving!$D$5:$D$1004,Receiving!$B$5:$B$1004,$A13)) -> 0 | F13: =IF($A13="","",TotalShipped) -> 0 | G13: =IF($A13="","",D13+E13-F13) -> 3 | H13: =IF($A13="","",MAX(0,G13)*C13) -> 90 | I13: =IF($A13="","",MAX(0,D13-TotalShipped)) -> 3 | J13: =IF(OR($A13="",TotalShipped=0),"",(ShipDateUnits-(MIN(D13,TotalShipped)*StartDate+SUMIFS(Receiving!$N$5:$N$1004,Receiving!$B$5:$B$1004,$A13)))/TotalShipped) | K13: =IF(OR($A13="",G13<=0),"",TODAY()-IF(I13>0,StartDate,_xlfn.MINIFS(Receiving!$A$5:$A$1004,Receiving!$B$5:$B$1004,$A13,Receiving!$I$5:$I$1004,">0"))) -> 1 | L13: =IF($A13="","",IF(G13<0,"CHECK COUNT",IF(G13=0,"Empty",IF(K13<=AGE30,"Fresh",IF(K13<=AGE60,"Watch",IF(K13<=AGE90,"Aging","Old")))))) -> Old
A14: TNA-900 | B14: Sugar Cones | C14: 45 | D14: 0 | E14: =IF($A14="","",SUMIFS(Receiving!$D$5:$D$1004,Receiving!$B$5:$B$1004,$A14)) -> 0 | F14: =IF($A14="","",TotalShipped) -> 0 | G14: =IF($A14="","",D14+E14-F14) -> 0 | H14: =IF($A14="","",MAX(0,G14)*C14) -> 0 | I14: =IF($A14="","",MAX(0,D14-TotalShipped)) -> 0 | J14: =IF(OR($A14="",TotalShipped=0),"",(ShipDateUnits-(MIN(D14,TotalShipped)*StartDate+SUMIFS(Receiving!$N$5:$N$1004,Receiving!$B$5:$B$1004,$A14)))/TotalShipped) | K14: =IF(OR($A14="",G14<=0),"",TODAY()-IF(I14>0,StartDate,_xlfn.MINIFS(Receiving!$A$5:$A$1004,Receiving!$B$5:$B$1004,$A14,Receiving!$I$5:$I$1004,">0"))) | L14: =IF($A14="","",IF(G14<0,"CHECK COUNT",IF(G14=0,"Empty",IF(K14<=AGE30,"Fresh",IF(K14<=AGE60,"Watch",IF(K14<=AGE90,"Aging","Old")))))) -> Empty
A15: TNA-067 | B15: Ice Cream Cups | C15: 55 | D15: 22 | E15: =IF($A15="","",SUMIFS(Receiving!$D$5:$D$1004,Receiving!$B$5:$B$1004,$A15)) -> 0 | F15: =IF($A15="","",TotalShipped) -> 0 | G15: =IF($A15="","",D15+E15-F15) -> 22 | H15: =IF($A15="","",MAX(0,G15)*C15) -> 1210 | I15: =IF($A15="","",MAX(0,D15-TotalShipped)) -> 22 | J15: =IF(OR($A15="",TotalShipped=0),"",(ShipDateUnits-(MIN(D15,TotalShipped)*StartDate+SUMIFS(Receiving!$N$5:$N$1004,Receiving!$B$5:$B$1004,$A15)))/TotalShipped) | K15: =IF(OR($A15="",G15<=0),"",TODAY()-IF(I15>0,StartDate,_xlfn.MINIFS(Receiving!$A$5:$A$1004,Receiving!$B$5:$B$1004,$A15,Receiving!$I$5:$I$1004,">0"))) -> 1 | L15: =IF($A15="","",IF(G15<0,"CHECK COUNT",IF(G15=0,"Empty",IF(K15<=AGE30,"Fresh",IF(K15<=AGE60,"Watch",IF(K15<=AGE90,"Aging","Old")))))) -> Old
A16: TNA-787 | B16: Plastic Ice Cream Spoons | C16: 30 | D16: 4 | E16: =IF($A16="","",SUMIFS(Receiving!$D$5:$D$1004,Receiving!$B$5:$B$1004,$A16)) -> 0 | F16: =IF($A16="","",TotalShipped) -> 0 | G16: =IF($A16="","",D16+E16-F16) -> 4 | H16: =IF($A16="","",MAX(0,G16)*C16) -> 120 | I16: =IF($A16="","",MAX(0,D16-TotalShipped)) -> 4 | J16: =IF(OR($A16="",TotalShipped=0),"",(ShipDateUnits-(MIN(D16,TotalShipped)*StartDate+SUMIFS(Receiving!$N$5:$N$1004,Receiving!$B$5:$B$1004,$A16)))/TotalShipped) | K16: =IF(OR($A16="",G16<=0),"",TODAY()-IF(I16>0,StartDate,_xlfn.MINIFS(Receiving!$A$5:$A$1004,Receiving!$B$5:$B$1004,$A16,Receiving!$I$5:$I$1004,">0"))) -> 1 | L16: =IF($A16="","",IF(G16<0,"CHECK COUNT",IF(G16=0,"Empty",IF(K16<=AGE30,"Fresh",IF(K16<=AGE60,"Watch",IF(K16<=AGE90,"Aging","Old")))))) -> Old
A17: TNA-086 | B17: Disposable Gloves | C17: 20 | D17: 50 | E17: =IF($A17="","",SUMIFS(Receiving!$D$5:$D$1004,Receiving!$B$5:$B$1004,$A17)) -> 0 | F17: =IF($A17="","",TotalShipped) -> 0 | G17: =IF($A17="","",D17+E17-F17) -> 50 | H17: =IF($A17="","",MAX(0,G17)*C17) -> 1000 | I17: =IF($A17="","",MAX(0,D17-TotalShipped)) -> 50 | J17: =IF(OR($A17="",TotalShipped=0),"",(ShipDateUnits-(MIN(D17,TotalShipped)*StartDate+SUMIFS(Receiving!$N$5:$N$1004,Receiving!$B$5:$B$1004,$A17)))/TotalShipped) | K17: =IF(OR($A17="",G17<=0),"",TODAY()-IF(I17>0,StartDate,_xlfn.MINIFS(Receiving!$A$5:$A$1004,Receiving!$B$5:$B$1004,$A17,Receiving!$I$5:$I$1004,">0"))) -> 1 | L17: =IF($A17="","",IF(G17<0,"CHECK COUNT",IF(G17=0,"Empty",IF(K17<=AGE30,"Fresh",IF(K17<=AGE60,"Watch",IF(K17<=AGE90,"Aging","Old")))))) -> Old
E18: =IF($A18="","",SUMIFS(Receiving!$D$5:$D$1004,Receiving!$B$5:$B$1004,$A18)) | F18: =IF($A18="","",TotalShipped) | G18: =IF($A18="","",D18+E18-F18) | H18: =IF($A18="","",MAX(0,G18)*C18) | I18: =IF($A18="","",MAX(0,D18-TotalShipped)) | J18: =IF(OR($A18="",TotalShipped=0),"",(ShipDateUnits-(MIN(D18,TotalShipped)*StartDate+SUMIFS(Receiving!$N$5:$N$1004,Receiving!$B$5:$B$1004,$A18)))/TotalShipped) | K18: =IF(OR($A18="",G18<=0),"",TODAY()-IF(I18>0,StartDate,_xlfn.MINIFS(Receiving!$A$5:$A$1004,Receiving!$B$5:$B$1004,$A18,Receiving!$I$5:$I$1004,">0"))) | L18: =IF($A18="","",IF(G18<0,"CHECK COUNT",IF(G18=0,"Empty",IF(K18<=AGE30,"Fresh",IF(K18<=AGE60,"Watch",IF(K18<=AGE90,"Aging","Old"))))))
E19: =IF($A19="","",SUMIFS(Receiving!$D$5:$D$1004,Receiving!$B$5:$B$1004,$A19)) | F19: =IF($A19="","",TotalShipped) | G19: =IF($A19="","",D19+E19-F19) | H19: =IF($A19="","",MAX(0,G19)*C19) | I19: =IF($A19="","",MAX(0,D19-TotalShipped)) | J19: =IF(OR($A19="",TotalShipped=0),"",(ShipDateUnits-(MIN(D19,TotalShipped)*StartDate+SUMIFS(Receiving!$N$5:$N$1004,Receiving!$B$5:$B$1004,$A19)))/TotalShipped) | K19: =IF(OR($A19="",G19<=0),"",TODAY()-IF(I19>0,StartDate,_xlfn.MINIFS(Receiving!$A$5:$A$1004,Receiving!$B$5:$B$1004,$A19,Receiving!$I$5:$I$1004,">0"))) | L19: =IF($A19="","",IF(G19<0,"CHECK COUNT",IF(G19=0,"Empty",IF(K19<=AGE30,"Fresh",IF(K19<=AGE60,"Watch",IF(K19<=AGE90,"Aging","Old"))))))
A20: TOTAL | H20: =SUM(H5:H19) -> 142542
A22: Notes: 'Qty Used' equals total finished products shipped because every product contains one of each component. 'Avg Days in Storage Before Shipping' uses first-in-first-out (oldest stock ships first). Opening stock is dated on the go-live date in Settings.

Sheet Receiving
A1: Receiving Log - Components Coming Into Storage
A2: Add one row per delivery in the next empty row (keep rows in date order). Fill the yellow columns only; grey-blue columns calculate automatically.
A4: Date Received | B4: Item Code (pick from list) | C4: Item Name | D4: Qty Received | E4: Unit Cost ($) | F4: Total Cost ($) | G4: PO / Ref # (optional) | H4: Units Before (this item, earlier) | I4: Units Still in Storage | J4: Units Already Shipped | K4: Value Still in Storage ($) | L4: Age of Remaining Units (days) | M4: Aging Status | N4: Date x Units Shipped (helper)
A5: 46296 | B5: FNN-145 | C5: =IF(B5="","",IFERROR(INDEX(Items!$B$5:$B$19,MATCH(B5,Items!$A$5:$A$19,0)),"Unknown code")) -> Unknown code | D5: 5 | E5: =IF(B5="","",IFERROR(INDEX(Items!$C$5:$C$19,MATCH(B5,Items!$A$5:$A$19,0)),"")) | F5: =IF(OR(D5="",E5=""),"",D5*E5) | H5: =IF(OR(A5="",B5="",D5=""),"",IFERROR(INDEX(Items!$D$5:$D$19,MATCH(B5,Items!$A$5:$A$19,0))+SUMIFS(D$4:D4,B$4:B4,B5),"")) | I5: =IF(H5="","",MAX(0,MIN(D5,H5+D5-TotalShipped))) | J5: =IF(H5="","",D5-I5) | K5: =IF(OR(H5="",E5=""),"",I5*E5) | L5: =IF(H5="","",IF(I5>0,TODAY()-A5,"")) | M5: =IF(H5="","",IF(I5<=0,"Shipped",IF(L5<=AGE30,"Fresh",IF(L5<=AGE60,"Watch",IF(L5<=AGE90,"Aging","Old"))))) | N5: =IF(H5="","",J5*A5)
C6: =IF(B6="","",IFERROR(INDEX(Items!$B$5:$B$19,MATCH(B6,Items!$A$5:$A$19,0)),"Unknown code")) | E6: =IF(B6="","",IFERROR(INDEX(Items!$C$5:$C$19,MATCH(B6,Items!$A$5:$A$19,0)),"")) | F6: =IF(OR(D6="",E6=""),"",D6*E6) | H6: =IF(OR(A6="",B6="",D6=""),"",IFERROR(INDEX(Items!$D$5:$D$19,MATCH(B6,Items!$A$5:$A$19,0))+SUMIFS(D$4:D5,B$4:B5,B6),"")) | I6: =IF(H6="","",MAX(0,MIN(D6,H6+D6-TotalShipped))) | J6: =IF(H6="","",D6-I6) | K6: =IF(OR(H6="",E6=""),"",I6*E6) | L6: =IF(H6="","",IF(I6>0,TODAY()-A6,"")) | M6: =IF(H6="","",IF(I6<=0,"Shipped",IF(L6<=AGE30,"Fresh",IF(L6<=AGE60,"Watch",IF(L6<=AGE90,"Aging","Old"))))) | N6: =IF(H6="","",J6*A6)
C7: =IF(B7="","",IFERROR(INDEX(Items!$B$5:$B$19,MATCH(B7,Items!$A$5:$A$19,0)),"Unknown code")) | E7: =IF(B7="","",IFERROR(INDEX(Items!$C$5:$C$19,MATCH(B7,Items!$A$5:$A$19,0)),"")) | F7: =IF(OR(D7="",E7=""),"",D7*E7) | H7: =IF(OR(A7="",B7="",D7=""),"",IFERROR(INDEX(Items!$D$5:$D$19,MATCH(B7,Items!$A$5:$A$19,0))+SUMIFS(D$4:D6,B$4:B6,B7),"")) | I7: =IF(H7="","",MAX(0,MIN(D7,H7+D7-TotalShipped))) | J7: =IF(H7="","",D7-I7) | K7: =IF(OR(H7="",E7=""),"",I7*E7) | L7: =IF(H7="","",IF(I7>0,TODAY()-A7,"")) | M7: =IF(H7="","",IF(I7<=0,"Shipped",IF(L7<=AGE30,"Fresh",IF(L7<=AGE60,"Watch",IF(L7<=AGE90,"Aging","Old"))))) | N7: =IF(H7="","",J7*A7)
C8: =IF(B8="","",IFERROR(INDEX(Items!$B$5:$B$19,MATCH(B8,Items!$A$5:$A$19,0)),"Unknown code")) | E8: =IF(B8="","",IFERROR(INDEX(Items!$C$5:$C$19,MATCH(B8,Items!$A$5:$A$19,0)),"")) | F8: =IF(OR(D8="",E8=""),"",D8*E8) | H8: =IF(OR(A8="",B8="",D8=""),"",IFERROR(INDEX(Items!$D$5:$D$19,MATCH(B8,Items!$A$5:$A$19,0))+SUMIFS(D$4:D7,B$4:B7,B8),"")) | I8: =IF(H8="","",MAX(0,MIN(D8,H8+D8-TotalShipped))) | J8: =IF(H8="","",D8-I8) | K8: =IF(OR(H8="",E8=""),"",I8*E8) | L8: =IF(H8="","",IF(I8>0,TODAY()-A8,"")) | M8: =IF(H8="","",IF(I8<=0,"Shipped",IF(L8<=AGE30,"Fresh",IF(L8<=AGE60,"Watch",IF(L8<=AGE90,"Aging","Old"))))) | N8: =IF(H8="","",J8*A8)
C9: =IF(B9="","",IFERROR(INDEX(Items!$B$5:$B$19,MATCH(B9,Items!$A$5:$A$19,0)),"Unknown code")) | E9: =IF(B9="","",IFERROR(INDEX(Items!$C$5:$C$19,MATCH(B9,Items!$A$5:$A$19,0)),"")) | F9: =IF(OR(D9="",E9=""),"",D9*E9) | H9: =IF(OR(A9="",B9="",D9=""),"",IFERROR(INDEX(Items!$D$5:$D$19,MATCH(B9,Items!$A$5:$A$19,0))+SUMIFS(D$4:D8,B$4:B8,B9),"")) | I9: =IF(H9="","",MAX(0,MIN(D9,H9+D9-TotalShipped))) | J9: =IF(H9="","",D9-I9) | K9: =IF(OR(H9="",E9=""),"",I9*E9) | L9: =IF(H9="","",IF(I9>0,TODAY()-A9,"")) | M9: =IF(H9="","",IF(I9<=0,"Shipped",IF(L9<=AGE30,"Fresh",IF(L9<=AGE60,"Watch",IF(L9<=AGE90,"Aging","Old"))))) | N9: =IF(H9="","",J9*A9)
C10: =IF(B10="","",IFERROR(INDEX(Items!$B$5:$B$19,MATCH(B10,Items!$A$5:$A$19,0)),"Unknown code")) | E10: =IF(B10="","",IFERROR(INDEX(Items!$C$5:$C$19,MATCH(B10,Items!$A$5:$A$19,0)),"")) | F10: =IF(OR(D10="",E10=""),"",D10*E10) | H10: =IF(OR(A10="",B10="",D10=""),"",IFERROR(INDEX(Items!$D$5:$D$19,MATCH(B10,Items!$A$5:$A$19,0))+SUMIFS(D$4:D9,B$4:B9,B10),"")) | I10: =IF(H10="","",MAX(0,MIN(D10,H10+D10-TotalShipped))) | J10: =IF(H10="","",D10-I10) | K10: =IF(OR(H10="",E10=""),"",I10*E10) | L10: =IF(H10="","",IF(I10>0,TODAY()-A10,"")) | M10: =IF(H10="","",IF(I10<=0,"Shipped",IF(L10<=AGE30,"Fresh",IF(L10<=AGE60,"Watch",IF(L10<=AGE90,"Aging","Old"))))) | N10: =IF(H10="","",J10*A10)
C11: =IF(B11="","",IFERROR(INDEX(Items!$B$5:$B$19,MATCH(B11,Items!$A$5:$A$19,0)),"Unknown code")) | E11: =IF(B11="","",IFERROR(INDEX(Items!$C$5:$C$19,MATCH(B11,Items!$A$5:$A$19,0)),"")) | F11: =IF(OR(D11="",E11=""),"",D11*E11) | H11: =IF(OR(A11="",B11="",D11=""),"",IFERROR(INDEX(Items!$D$5:$D$19,MATCH(B11,Items!$A$5:$A$19,0))+SUMIFS(D$4:D10,B$4:B10,B11),"")) | I11: =IF(H11="","",MAX(0,MIN(D11,H11+D11-TotalShipped))) | J11: =IF(H11="","",D11-I11) | K11: =IF(OR(H11="",E11=""),"",I11*E11) | L11: =IF(H11="","",IF(I11>0,TODAY()-A11,"")) | M11: =IF(H11="","",IF(I11<=0,"Shipped",IF(L11<=AGE30,"Fresh",IF(L11<=AGE60,"Watch",IF(L11<=AGE90,"Aging","Old"))))) | N11: =IF(H11="","",J11*A11)
C12: =IF(B12="","",IFERROR(INDEX(Items!$B$5:$B$19,MATCH(B12,Items!$A$5:$A$19,0)),"Unknown code")) | E12: =IF(B12="","",IFERROR(INDEX(Items!$C$5:$C$19,MATCH(B12,Items!$A$5:$A$19,0)),"")) | F12: =IF(OR(D12="",E12=""),"",D12*E12) | H12: =IF(OR(A12="",B12="",D12=""),"",IFERROR(INDEX(Items!$D$5:$D$19,MATCH(B12,Items!$A$5:$A$19,0))+SUMIFS(D$4:D11,B$4:B11,B12),"")) | I12: =IF(H12="","",MAX(0,MIN(D12,H12+D12-TotalShipped))) | J12: =IF(H12="","",D12-I12) | K12: =IF(OR(H12="",E12=""),"",I12*E12) | L12: =IF(H12="","",IF(I12>0,TODAY()-A12,"")) | M12: =IF(H12="","",IF(I12<=0,"Shipped",IF(L12<=AGE30,"Fresh",IF(L12<=AGE60,"Watch",IF(L12<=AGE90,"Aging","Old"))))) | N12: =IF(H12="","",J12*A12)
C13: =IF(B13="","",IFERROR(INDEX(Items!$B$5:$B$19,MATCH(B13,Items!$A$5:$A$19,0)),"Unknown code")) | E13: =IF(B13="","",IFERROR(INDEX(Items!$C$5:$C$19,MATCH(B13,Items!$A$5:$A$19,0)),"")) | F13: =IF(OR(D13="",E13=""),"",D13*E13) | H13: =IF(OR(A13="",B13="",D13=""),"",IFERROR(INDEX(Items!$D$5:$D$19,MATCH(B13,Items!$A$5:$A$19,0))+SUMIFS(D$4:D12,B$4:B12,B13),"")) | I13: =IF(H13="","",MAX(0,MIN(D13,H13+D13-TotalShipped))) | J13: =IF(H13="","",D13-I13) | K13: =IF(OR(H13="",E13=""),"",I13*E13) | L13: =IF(H13="","",IF(I13>0,TODAY()-A13,"")) | M13: =IF(H13="","",IF(I13<=0,"Shipped",IF(L13<=AGE30,"Fresh",IF(L13<=AGE60,"Watch",IF(L13<=AGE90,"Aging","Old"))))) | N13: =IF(H13="","",J13*A13)
C14: =IF(B14="","",IFERROR(INDEX(Items!$B$5:$B$19,MATCH(B14,Items!$A$5:$A$19,0)),"Unknown code")) | E14: =IF(B14="","",IFERROR(INDEX(Items!$C$5:$C$19,MATCH(B14,Items!$A$5:$A$19,0)),"")) | F14: =IF(OR(D14="",E14=""),"",D14*E14) | H14: =IF(OR(A14="",B14="",D14=""),"",IFERROR(INDEX(Items!$D$5:$D$19,MATCH(B14,Items!$A$5:$A$19,0))+SUMIFS(D$4:D13,B$4:B13,B14),"")) | I14: =IF(H14="","",MAX(0,MIN(D14,H14+D14-TotalShipped))) | J14: =IF(H14="","",D14-I14) | K14: =IF(OR(H14="",E14=""),"",I14*E14) | L14: =IF(H14="","",IF(I14>0,TODAY()-A14,"")) | M14: =IF(H14="","",IF(I14<=0,"Shipped",IF(L14<=AGE30,"Fresh",IF(L14<=AGE60,"Watch",IF(L14<=AGE90,"Aging","Old"))))) | N14: =IF(H14="","",J14*A14)
C15: =IF(B15="","",IFERROR(INDEX(Items!$B$5:$B$19,MATCH(B15,Items!$A$5:$A$19,0)),"Unknown code")) | E15: =IF(B15="","",IFERROR(INDEX(Items!$C$5:$C$19,MATCH(B15,Items!$A$5:$A$19,0)),"")) | F15: =IF(OR(D15="",E15=""),"",D15*E15) | H15: =IF(OR(A15="",B15="",D15=""),"",IFERROR(INDEX(Items!$D$5:$D$19,MATCH(B15,Items!$A$5:$A$19,0))+SUMIFS(D$4:D14,B$4:B14,B15),"")) | I15: =IF(H15="","",MAX(0,MIN(D15,H15+D15-TotalShipped))) | J15: =IF(H15="","",D15-I15) | K15: =IF(OR(H15="",E15=""),"",I15*E15) | L15: =IF(H15="","",IF(I15>0,TODAY()-A15,"")) | M15: =IF(H15="","",IF(I15<=0,"Shipped",IF(L15<=AGE30,"Fresh",IF(L15<=AGE60,"Watch",IF(L15<=AGE90,"Aging","Old"))))) | N15: =IF(H15="","",J15*A15)
C16: =IF(B16="","",IFERROR(INDEX(Items!$B$5:$B$19,MATCH(B16,Items!$A$5:$A$19,0)),"Unknown code")) | E16: =IF(B16="","",IFERROR(INDEX(Items!$C$5:$C$19,MATCH(B16,Items!$A$5:$A$19,0)),"")) | F16: =IF(OR(D16="",E16=""),"",D16*E16) | H16: =IF(OR(A16="",B16="",D16=""),"",IFERROR(INDEX(Items!$D$5:$D$19,MATCH(B16,Items!$A$5:$A$19,0))+SUMIFS(D$4:D15,B$4:B15,B16),"")) | I16: =IF(H16="","",MAX(0,MIN(D16,H16+D16-TotalShipped))) | J16: =IF(H16="","",D16-I16) | K16: =IF(OR(H16="",E16=""),"",I16*E16) | L16: =IF(H16="","",IF(I16>0,TODAY()-A16,"")) | M16: =IF(H16="","",IF(I16<=0,"Shipped",IF(L16<=AGE30,"Fresh",IF(L16<=AGE60,"Watch",IF(L16<=AGE90,"Aging","Old"))))) | N16: =IF(H16="","",J16*A16)
C17: =IF(B17="","",IFERROR(INDEX(Items!$B$5:$B$19,MATCH(B17,Items!$A$5:$A$19,0)),"Unknown code")) | E17: =IF(B17="","",IFERROR(INDEX(Items!$C$5:$C$19,MATCH(B17,Items!$A$5:$A$19,0)),"")) | F17: =IF(OR(D17="",E17=""),"",D17*E17) | H17: =IF(OR(A17="",B17="",D17=""),"",IFERROR(INDEX(Items!$D$5:$D$19,MATCH(B17,Items!$A$5:$A$19,0))+SUMIFS(D$4:D16,B$4:B16,B17),"")) | I17: =IF(H17="","",MAX(0,MIN(D17,H17+D17-TotalShipped))) | J17: =IF(H17="","",D17-I17) | K17: =IF(OR(H17="",E17=""),"",I17*E17) | L17: =IF(H17="","",IF(I17>0,TODAY()-A17,"")) | M17: =IF(H17="","",IF(I17<=0,"Shipped",IF(L17<=AGE30,"Fresh",IF(L17<=AGE60,"Watch",IF(L17<=AGE90,"Aging","Old"))))) | N17: =IF(H17="","",J17*A17)
C18: =IF(B18="","",IFERROR(INDEX(Items!$B$5:$B$19,MATCH(B18,Items!$A$5:$A$19,0)),"Unknown code")) | E18: =IF(B18="","",IFERROR(INDEX(Items!$C$5:$C$19,MATCH(B18,Items!$A$5:$A$19,0)),"")) | F18: =IF(OR(D18="",E18=""),"",D18*E18) | H18: =IF(OR(A18="",B18="",D18=""),"",IFERROR(INDEX(Items!$D$5:$D$19,MATCH(B18,Items!$A$5:$A$19,0))+SUMIFS(D$4:D17,B$4:B17,B18),"")) | I18: =IF(H18="","",MAX(0,MIN(D18,H18+D18-TotalShipped))) | J18: =IF(H18="","",D18-I18) | K18: =IF(OR(H18="",E18=""),"",I18*E18) | L18: =IF(H18="","",IF(I18>0,TODAY()-A18,"")) | M18: =IF(H18="","",IF(I18<=0,"Shipped",IF(L18<=AGE30,"Fresh",IF(L18<=AGE60,"Watch",IF(L18<=AGE90,"Aging","Old"))))) | N18: =IF(H18="","",J18*A18)
C19: =IF(B19="","",IFERROR(INDEX(Items!$B$5:$B$19,MATCH(B19,Items!$A$5:$A$19,0)),"Unknown code")) | E19: =IF(B19="","",IFERROR(INDEX(Items!$C$5:$C$19,MATCH(B19,Items!$A$5:$A$19,0)),"")) | F19: =IF(OR(D19="",E19=""),"",D19*E19) | H19: =IF(OR(A19="",B19="",D19=""),"",IFERROR(INDEX(Items!$D$5:$D$19,MATCH(B19,Items!$A$5:$A$19,0))+SUMIFS(D$4:D18,B$4:B18,B19),"")) | I19: =IF(H19="","",MAX(0,MIN(D19,H19+D19-TotalShipped))) | J19: =IF(H19="","",D19-I19) | K19: =IF(OR(H19="",E19=""),"",I19*E19) | L19: =IF(H19="","",IF(I19>0,TODAY()-A19,"")) | M19: =IF(H19="","",IF(I19<=0,"Shipped",IF(L19<=AGE30,"Fresh",IF(L19<=AGE60,"Watch",IF(L19<=AGE90,"Aging","Old"))))) | N19: =IF(H19="","",J19*A19)
C20: =IF(B20="","",IFERROR(INDEX(Items!$B$5:$B$19,MATCH(B20,Items!$A$5:$A$19,0)),"Unknown code")) | E20: =IF(B20="","",IFERROR(INDEX(Items!$C$5:$C$19,MATCH(B20,Items!$A$5:$A$19,0)),"")) | F20: =IF(OR(D20="",E20=""),"",D20*E20) | H20: =IF(OR(A20="",B20="",D20=""),"",IFERROR(INDEX(Items!$D$5:$D$19,MATCH(B20,Items!$A$5:$A$19,0))+SUMIFS(D$4:D19,B$4:B19,B20),"")) | I20: =IF(H20="","",MAX(0,MIN(D20,H20+D20-TotalShipped))) | J20: =IF(H20="","",D20-I20) | K20: =IF(OR(H20="",E20=""),"",I20*E20) | L20: =IF(H20="","",IF(I20>0,TODAY()-A20,"")) | M20: =IF(H20="","",IF(I20<=0,"Shipped",IF(L20<=AGE30,"Fresh",IF(L20<=AGE60,"Watch",IF(L20<=AGE90,"Aging","Old"))))) | N20: =IF(H20="","",J20*A20)
C21: =IF(B21="","",IFERROR(INDEX(Items!$B$5:$B$19,MATCH(B21,Items!$A$5:$A$19,0)),"Unknown code")) | E21: =IF(B21="","",IFERROR(INDEX(Items!$C$5:$C$19,MATCH(B21,Items!$A$5:$A$19,0)),"")) | F21: =IF(OR(D21="",E21=""),"",D21*E21) | H21: =IF(OR(A21="",B21="",D21=""),"",IFERROR(INDEX(Items!$D$5:$D$19,MATCH(B21,Items!$A$5:$A$19,0))+SUMIFS(D$4:D20,B$4:B20,B21),"")) | I21: =IF(H21="","",MAX(0,MIN(D21,H21+D21-TotalShipped))) | J21: =IF(H21="","",D21-I21) | K21: =IF(OR(H21="",E21=""),"",I21*E21) | L21: =IF(H21="","",IF(I21>0,TODAY()-A21,"")) | M21: =IF(H21="","",IF(I21<=0,"Shipped",IF(L21<=AGE30,"Fresh",IF(L21<=AGE60,"Watch",IF(L21<=AGE90,"Aging","Old"))))) | N21: =IF(H21="","",J21*A21)
C22: =IF(B22="","",IFERROR(INDEX(Items!$B$5:$B$19,MATCH(B22,Items!$A$5:$A$19,0)),"Unknown code")) | E22: =IF(B22="","",IFERROR(INDEX(Items!$C$5:$C$19,MATCH(B22,Items!$A$5:$A$19,0)),"")) | F22: =IF(OR(D22="",E22=""),"",D22*E22) | H22: =IF(OR(A22="",B22="",D22=""),"",IFERROR(INDEX(Items!$D$5:$D$19,MATCH(B22,Items!$A$5:$A$19,0))+SUMIFS(D$4:D21,B$4:B21,B22),"")) | I22: =IF(H22="","",MAX(0,MIN(D22,H22+D22-TotalShipped))) | J22: =IF(H22="","",D22-I22) | K22: =IF(OR(H22="",E22=""),"",I22*E22) | L22: =IF(H22="","",IF(I22>0,TODAY()-A22,"")) | M22: =IF(H22="","",IF(I22<=0,"Shipped",IF(L22<=AGE30,"Fresh",IF(L22<=AGE60,"Watch",IF(L22<=AGE90,"Aging","Old"))))) | N22: =IF(H22="","",J22*A22)
C23: =IF(B23="","",IFERROR(INDEX(Items!$B$5:$B$19,MATCH(B23,Items!$A$5:$A$19,0)),"Unknown code")) | E23: =IF(B23="","",IFERROR(INDEX(Items!$C$5:$C$19,MATCH(B23,Items!$A$5:$A$19,0)),"")) | F23: =IF(OR(D23="",E23=""),"",D23*E23) | H23: =IF(OR(A23="",B23="",D23=""),"",IFERROR(INDEX(Items!$D$5:$D$19,MATCH(B23,Items!$A$5:$A$19,0))+SUMIFS(D$4:D22,B$4:B22,B23),"")) | I23: =IF(H23="","",MAX(0,MIN(D23,H23+D23-TotalShipped))) | J23: =IF(H23="","",D23-I23) | K23: =IF(OR(H23="",E23=""),"",I23*E23) | L23: =IF(H23="","",IF(I23>0,TODAY()-A23,"")) | M23: =IF(H23="","",IF(I23<=0,"Shipped",IF(L23<=AGE30,"Fresh",IF(L23<=AGE60,"Watch",IF(L23<=AGE90,"Aging","Old"))))) | N23: =IF(H23="","",J23*A23)
C24: =IF(B24="","",IFERROR(INDEX(Items!$B$5:$B$19,MATCH(B24,Items!$A$5:$A$19,0)),"Unknown code")) | E24: =IF(B24="","",IFERROR(INDEX(Items!$C$5:$C$19,MATCH(B24,Items!$A$5:$A$19,0)),"")) | F24: =IF(OR(D24="",E24=""),"",D24*E24) | H24: =IF(OR(A24="",B24="",D24=""),"",IFERROR(INDEX(Items!$D$5:$D$19,MATCH(B24,Items!$A$5:$A$19,0))+SUMIFS(D$4:D23,B$4:B23,B24),"")) | I24: =IF(H24="","",MAX(0,MIN(D24,H24+D24-TotalShipped))) | J24: =IF(H24="","",D24-I24) | K24: =IF(OR(H24="",E24=""),"",I24*E24) | L24: =IF(H24="","",IF(I24>0,TODAY()-A24,"")) | M24: =IF(H24="","",IF(I24<=0,"Shipped",IF(L24<=AGE30,"Fresh",IF(L24<=AGE60,"Watch",IF(L24<=AGE90,"Aging","Old"))))) | N24: =IF(H24="","",J24*A24)
C25: =IF(B25="","",IFERROR(INDEX(Items!$B$5:$B$19,MATCH(B25,Items!$A$5:$A$19,0)),"Unknown code")) | E25: =IF(B25="","",IFERROR(INDEX(Items!$C$5:$C$19,MATCH(B25,Items!$A$5:$A$19,0)),"")) | F25: =IF(OR(D25="",E25=""),"",D25*E25) | H25: =IF(OR(A25="",B25="",D25=""),"",IFERROR(INDEX(Items!$D$5:$D$19,MATCH(B25,Items!$A$5:$A$19,0))+SUMIFS(D$4:D24,B$4:B24,B25),"")) | I25: =IF(H25="","",MAX(0,MIN(D25,H25+D25-TotalShipped))) | J25: =IF(H25="","",D25-I25) | K25: =IF(OR(H25="",E25=""),"",I25*E25) | L25: =IF(H25="","",IF(I25>0,TODAY()-A25,"")) | M25: =IF(H25="","",IF(I25<=0,"Shipped",IF(L25<=AGE30,"Fresh",IF(L25<=AGE60,"Watch",IF(L25<=AGE90,"Aging","Old"))))) | N25: =IF(H25="","",J25*A25)
C26: =IF(B26="","",IFERROR(INDEX(Items!$B$5:$B$19,MATCH(B26,Items!$A$5:$A$19,0)),"Unknown code")) | E26: =IF(B26="","",IFERROR(INDEX(Items!$C$5:$C$19,MATCH(B26,Items!$A$5:$A$19,0)),"")) | F26: =IF(OR(D26="",E26=""),"",D26*E26) | H26: =IF(OR(A26="",B26="",D26=""),"",IFERROR(INDEX(Items!$D$5:$D$19,MATCH(B26,Items!$A$5:$A$19,0))+SUMIFS(D$4:D25,B$4:B25,B26),"")) | I26: =IF(H26="","",MAX(0,MIN(D26,H26+D26-TotalShipped))) | J26: =IF(H26="","",D26-I26) | K26: =IF(OR(H26="",E26=""),"",I26*E26) | L26: =IF(H26="","",IF(I26>0,TODAY()-A26,"")) | M26: =IF(H26="","",IF(I26<=0,"Shipped",IF(L26<=AGE30,"Fresh",IF(L26<=AGE60,"Watch",IF(L26<=AGE90,"Aging","Old"))))) | N26: =IF(H26="","",J26*A26)
C27: =IF(B27="","",IFERROR(INDEX(Items!$B$5:$B$19,MATCH(B27,Items!$A$5:$A$19,0)),"Unknown code")) | E27: =IF(B27="","",IFERROR(INDEX(Items!$C$5:$C$19,MATCH(B27,Items!$A$5:$A$19,0)),"")) | F27: =IF(OR(D27="",E27=""),"",D27*E27) | H27: =IF(OR(A27="",B27="",D27=""),"",IFERROR(INDEX(Items!$D$5:$D$19,MATCH(B27,Items!$A$5:$A$19,0))+SUMIFS(D$4:D26,B$4:B26,B27),"")) | I27: =IF(H27="","",MAX(0,MIN(D27,H27+D27-TotalShipped))) | J27: =IF(H27="","",D27-I27) | K27: =IF(OR(H27="",E27=""),"",I27*E27) | L27: =IF(H27="","",IF(I27>0,TODAY()-A27,"")) | M27: =IF(H27="","",IF(I27<=0,"Shipped",IF(L27<=AGE30,"Fresh",IF(L27<=AGE60,"Watch",IF(L27<=AGE90,"Aging","Old"))))) | N27: =IF(H27="","",J27*A27)
C28: =IF(B28="","",IFERROR(INDEX(Items!$B$5:$B$19,MATCH(B28,Items!$A$5:$A$19,0)),"Unknown code")) | E28: =IF(B28="","",IFERROR(INDEX(Items!$C$5:$C$19,MATCH(B28,Items!$A$5:$A$19,0)),"")) | F28: =IF(OR(D28="",E28=""),"",D28*E28) | H28: =IF(OR(A28="",B28="",D28=""),"",IFERROR(INDEX(Items!$D$5:$D$19,MATCH(B28,Items!$A$5:$A$19,0))+SUMIFS(D$4:D27,B$4:B27,B28),"")) | I28: =IF(H28="","",MAX(0,MIN(D28,H28+D28-TotalShipped))) | J28: =IF(H28="","",D28-I28) | K28: =IF(OR(H28="",E28=""),"",I28*E28) | L28: =IF(H28="","",IF(I28>0,TODAY()-A28,"")) | M28: =IF(H28="","",IF(I28<=0,"Shipped",IF(L28<=AGE30,"Fresh",IF(L28<=AGE60,"Watch",IF(L28<=AGE90,"Aging","Old"))))) | N28: =IF(H28="","",J28*A28)
C29: =IF(B29="","",IFERROR(INDEX(Items!$B$5:$B$19,MATCH(B29,Items!$A$5:$A$19,0)),"Unknown code")) | E29: =IF(B29="","",IFERROR(INDEX(Items!$C$5:$C$19,MATCH(B29,Items!$A$5:$A$19,0)),"")) | F29: =IF(OR(D29="",E29=""),"",D29*E29) | H29: =IF(OR(A29="",B29="",D29=""),"",IFERROR(INDEX(Items!$D$5:$D$19,MATCH(B29,Items!$A$5:$A$19,0))+SUMIFS(D$4:D28,B$4:B28,B29),"")) | I29: =IF(H29="","",MAX(0,MIN(D29,H29+D29-TotalShipped))) | J29: =IF(H29="","",D29-I29) | K29: =IF(OR(H29="",E29=""),"",I29*E29) | L29: =IF(H29="","",IF(I29>0,TODAY()-A29,"")) | M29: =IF(H29="","",IF(I29<=0,"Shipped",IF(L29<=AGE30,"Fresh",IF(L29<=AGE60,"Watch",IF(L29<=AGE90,"Aging","Old"))))) | N29: =IF(H29="","",J29*A29)
C30: =IF(B30="","",IFERROR(INDEX(Items!$B$5:$B$19,MATCH(B30,Items!$A$5:$A$19,0)),"Unknown code")) | E30: =IF(B30="","",IFERROR(INDEX(Items!$C$5:$C$19,MATCH(B30,Items!$A$5:$A$19,0)),"")) | F30: =IF(OR(D30="",E30=""),"",D30*E30) | H30: =IF(OR(A30="",B30="",D30=""),"",IFERROR(INDEX(Items!$D$5:$D$19,MATCH(B30,Items!$A$5:$A$19,0))+SUMIFS(D$4:D29,B$4:B29,B30),"")) | I30: =IF(H30="","",MAX(0,MIN(D30,H30+D30-TotalShipped))) | J30: =IF(H30="","",D30-I30) | K30: =IF(OR(H30="",E30=""),"",I30*E30) | L30: =IF(H30="","",IF(I30>0,TODAY()-A30,"")) | M30: =IF(H30="","",IF(I30<=0,"Shipped",IF(L30<=AGE30,"Fresh",IF(L30<=AGE60,"Watch",IF(L30<=AGE90,"Aging","Old"))))) | N30: =IF(H30="","",J30*A30)
C31: =IF(B31="","",IFERROR(INDEX(Items!$B$5:$B$19,MATCH(B31,Items!$A$5:$A$19,0)),"Unknown code")) | E31: =IF(B31="","",IFERROR(INDEX(Items!$C$5:$C$19,MATCH(B31,Items!$A$5:$A$19,0)),"")) | F31: =IF(OR(D31="",E31=""),"",D31*E31) | H31: =IF(OR(A31="",B31="",D31=""),"",IFERROR(INDEX(Items!$D$5:$D$19,MATCH(B31,Items!$A$5:$A$19,0))+SUMIFS(D$4:D30,B$4:B30,B31),"")) | I31: =IF(H31="","",MAX(0,MIN(D31,H31+D31-TotalShipped))) | J31: =IF(H31="","",D31-I31) | K31: =IF(OR(H31="",E31=""),"",I31*E31) | L31: =IF(H31="","",IF(I31>0,TODAY()-A31,"")) | M31: =IF(H31="","",IF(I31<=0,"Shipped",IF(L31<=AGE30,"Fresh",IF(L31<=AGE60,"Watch",IF(L31<=AGE90,"Aging","Old"))))) | N31: =IF(H31="","",J31*A31)
C32: =IF(B32="","",IFERROR(INDEX(Items!$B$5:$B$19,MATCH(B32,Items!$A$5:$A$19,0)),"Unknown code")) | E32: =IF(B32="","",IFERROR(INDEX(Items!$C$5:$C$19,MATCH(B32,Items!$A$5:$A$19,0)),"")) | F32: =IF(OR(D32="",E32=""),"",D32*E32) | H32: =IF(OR(A32="",B32="",D32=""),"",IFERROR(INDEX(Items!$D$5:$D$19,MATCH(B32,Items!$A$5:$A$19,0))+SUMIFS(D$4:D31,B$4:B31,B32),"")) | I32: =IF(H32="","",MAX(0,MIN(D32,H32+D32-TotalShipped))) | J32: =IF(H32="","",D32-I32) | K32: =IF(OR(H32="",E32=""),"",I32*E32) | L32: =IF(H32="","",IF(I32>0,TODAY()-A32,"")) | M32: =IF(H32="","",IF(I32<=0,"Shipped",IF(L32<=AGE30,"Fresh",IF(L32<=AGE60,"Watch",IF(L32<=AGE90,"Aging","Old"))))) | N32: =IF(H32="","",J32*A32)
C33: =IF(B33="","",IFERROR(INDEX(Items!$B$5:$B$19,MATCH(B33,Items!$A$5:$A$19,0)),"Unknown code")) | E33: =IF(B33="","",IFERROR(INDEX(Items!$C$5:$C$19,MATCH(B33,Items!$A$5:$A$19,0)),"")) | F33: =IF(OR(D33="",E33=""),"",D33*E33) | H33: =IF(OR(A33="",B33="",D33=""),"",IFERROR(INDEX(Items!$D$5:$D$19,MATCH(B33,Items!$A$5:$A$19,0))+SUMIFS(D$4:D32,B$4:B32,B33),"")) | I33: =IF(H33="","",MAX(0,MIN(D33,H33+D33-TotalShipped))) | J33: =IF(H33="","",D33-I33) | K33: =IF(OR(H33="",E33=""),"",I33*E33) | L33: =IF(H33="","",IF(I33>0,TODAY()-A33,"")) | M33: =IF(H33="","",IF(I33<=0,"Shipped",IF(L33<=AGE30,"Fresh",IF(L33<=AGE60,"Watch",IF(L33<=AGE90,"Aging","Old"))))) | N33: =IF(H33="","",J33*A33)
C34: =IF(B34="","",IFERROR(INDEX(Items!$B$5:$B$19,MATCH(B34,Items!$A$5:$A$19,0)),"Unknown code")) | E34: =IF(B34="","",IFERROR(INDEX(Items!$C$5:$C$19,MATCH(B34,Items!$A$5:$A$19,0)),"")) | F34: =IF(OR(D34="",E34=""),"",D34*E34) | H34: =IF(OR(A34="",B34="",D34=""),"",IFERROR(INDEX(Items!$D$5:$D$19,MATCH(B34,Items!$A$5:$A$19,0))+SUMIFS(D$4:D33,B$4:B33,B34),"")) | I34: =IF(H34="","",MAX(0,MIN(D34,H34+D34-TotalShipped))) | J34: =IF(H34="","",D34-I34) | K34: =IF(OR(H34="",E34=""),"",I34*E34) | L34: =IF(H34="","",IF(I34>0,TODAY()-A34,"")) | M34: =IF(H34="","",IF(I34<=0,"Shipped",IF(L34<=AGE30,"Fresh",IF(L34<=AGE60,"Watch",IF(L34<=AGE90,"Aging","Old"))))) | N34: =IF(H34="","",J34*A34)
C35: =IF(B35="","",IFERROR(INDEX(Items!$B$5:$B$19,MATCH(B35,Items!$A$5:$A$19,0)),"Unknown code")) | E35: =IF(B35="","",IFERROR(INDEX(Items!$C$5:$C$19,MATCH(B35,Items!$A$5:$A$19,0)),"")) | F35: =IF(OR(D35="",E35=""),"",D35*E35) | H35: =IF(OR(A35="",B35="",D35=""),"",IFERROR(INDEX(Items!$D$5:$D$19,MATCH(B35,Items!$A$5:$A$19,0))+SUMIFS(D$4:D34,B$4:B34,B35),"")) | I35: =IF(H35="","",MAX(0,MIN(D35,H35+D35-TotalShipped))) | J35: =IF(H35="","",D35-I35) | K35: =IF(OR(H35="",E35=""),"",I35*E35) | L35: =IF(H35="","",IF(I35>0,TODAY()-A35,"")) | M35: =IF(H35="","",IF(I35<=0,"Shipped",IF(L35<=AGE30,"Fresh",IF(L35<=AGE60,"Watch",IF(L35<=AGE90,"Aging","Old"))))) | N35: =IF(H35="","",J35*A35)
C36: =IF(B36="","",IFERROR(INDEX(Items!$B$5:$B$19,MATCH(B36,Items!$A$5:$A$19,0)),"Unknown code")) | E36: =IF(B36="","",IFERROR(INDEX(Items!$C$5:$C$19,MATCH(B36,Items!$A$5:$A$19,0)),"")) | F36: =IF(OR(D36="",E36=""),"",D36*E36) | H36: =IF(OR(A36="",B36="",D36=""),"",IFERROR(INDEX(Items!$D$5:$D$19,MATCH(B36,Items!$A$5:$A$19,0))+SUMIFS(D$4:D35,B$4:B35,B36),"")) | I36: =IF(H36="","",MAX(0,MIN(D36,H36+D36-TotalShipped))) | J36: =IF(H36="","",D36-I36) | K36: =IF(OR(H36="",E36=""),"",I36*E36) | L36: =IF(H36="","",IF(I36>0,TODAY()-A36,"")) | M36: =IF(H36="","",IF(I36<=0,"Shipped",IF(L36<=AGE30,"Fresh",IF(L36<=AGE60,"Watch",IF(L36<=AGE90,"Aging","Old"))))) | N36: =IF(H36="","",J36*A36)
C37: =IF(B37="","",IFERROR(INDEX(Items!$B$5:$B$19,MATCH(B37,Items!$A$5:$A$19,0)),"Unknown code")) | E37: =IF(B37="","",IFERROR(INDEX(Items!$C$5:$C$19,MATCH(B37,Items!$A$5:$A$19,0)),"")) | F37: =IF(OR(D37="",E37=""),"",D37*E37) | H37: =IF(OR(A37="",B37="",D37=""),"",IFERROR(INDEX(Items!$D$5:$D$19,MATCH(B37,Items!$A$5:$A$19,0))+SUMIFS(D$4:D36,B$4:B36,B37),"")) | I37: =IF(H37="","",MAX(0,MIN(D37,H37+D37-TotalShipped))) | J37: =IF(H37="","",D37-I37) | K37: =IF(OR(H37="",E37=""),"",I37*E37) | L37: =IF(H37="","",IF(I37>0,TODAY()-A37,"")) | M37: =IF(H37="","",IF(I37<=0,"Shipped",IF(L37<=AGE30,"Fresh",IF(L37<=AGE60,"Watch",IF(L37<=AGE90,"Aging","Old"))))) | N37: =IF(H37="","",J37*A37)
C38: =IF(B38="","",IFERROR(INDEX(Items!$B$5:$B$19,MATCH(B38,Items!$A$5:$A$19,0)),"Unknown code")) | E38: =IF(B38="","",IFERROR(INDEX(Items!$C$5:$C$19,MATCH(B38,Items!$A$5:$A$19,0)),"")) | F38: =IF(OR(D38="",E38=""),"",D38*E38) | H38: =IF(OR(A38="",B38="",D38=""),"",IFERROR(INDEX(Items!$D$5:$D$19,MATCH(B38,Items!$A$5:$A$19,0))+SUMIFS(D$4:D37,B$4:B37,B38),"")) | I38: =IF(H38="","",MAX(0,MIN(D38,H38+D38-TotalShipped))) | J38: =IF(H38="","",D38-I38) | K38: =IF(OR(H38="",E38=""),"",I38*E38) | L38: =IF(H38="","",IF(I38>0,TODAY()-A38,"")) | M38: =IF(H38="","",IF(I38<=0,"Shipped",IF(L38<=AGE30,"Fresh",IF(L38<=AGE60,"Watch",IF(L38<=AGE90,"Aging","Old"))))) | N38: =IF(H38="","",J38*A38)
C39: =IF(B39="","",IFERROR(INDEX(Items!$B$5:$B$19,MATCH(B39,Items!$A$5:$A$19,0)),"Unknown code")) | E39: =IF(B39="","",IFERROR(INDEX(Items!$C$5:$C$19,MATCH(B39,Items!$A$5:$A$19,0)),"")) | F39: =IF(OR(D39="",E39=""),"",D39*E39) | H39: =IF(OR(A39="",B39="",D39=""),"",IFERROR(INDEX(Items!$D$5:$D$19,MATCH(B39,Items!$A$5:$A$19,0))+SUMIFS(D$4:D38,B$4:B38,B39),"")) | I39: =IF(H39="","",MAX(0,MIN(D39,H39+D39-TotalShipped))) | J39: =IF(H39="","",D39-I39) | K39: =IF(OR(H39="",E39=""),"",I39*E39) | L39: =IF(H39="","",IF(I39>0,TODAY()-A39,"")) | M39: =IF(H39="","",IF(I39<=0,"Shipped",IF(L39<=AGE30,"Fresh",IF(L39<=AGE60,"Watch",IF(L39<=AGE90,"Aging","Old"))))) | N39: =IF(H39="","",J39*A39)
C40: =IF(B40="","",IFERROR(INDEX(Items!$B$5:$B$19,MATCH(B40,Items!$A$5:$A$19,0)),"Unknown code")) | E40: =IF(B40="","",IFERROR(INDEX(Items!$C$5:$C$19,MATCH(B40,Items!$A$5:$A$19,0)),"")) | F40: =IF(OR(D40="",E40=""),"",D40*E40) | H40: =IF(OR(A40="",B40="",D40=""),"",IFERROR(INDEX(Items!$D$5:$D$19,MATCH(B40,Items!$A$5:$A$19,0))+SUMIFS(D$4:D39,B$4:B39,B40),"")) | I40: =IF(H40="","",MAX(0,MIN(D40,H40+D40-TotalShipped))) | J40: =IF(H40="","",D40-I40) | K40: =IF(OR(H40="",E40=""),"",I40*E40) | L40: =IF(H40="","",IF(I40>0,TODAY()-A40,"")) | M40: =IF(H40="","",IF(I40<=0,"Shipped",IF(L40<=AGE30,"Fresh",IF(L40<=AGE60,"Watch",IF(L40<=AGE90,"Aging","Old"))))) | N40: =IF(H40="","",J40*A40)
C41: =IF(B41="","",IFERROR(INDEX(Items!$B$5:$B$19,MATCH(B41,Items!$A$5:$A$19,0)),"Unknown code")) | E41: =IF(B41="","",IFERROR(INDEX(Items!$C$5:$C$19,MATCH(B41,Items!$A$5:$A$19,0)),"")) | F41: =IF(OR(D41="",E41=""),"",D41*E41) | H41: =IF(OR(A41="",B41="",D41=""),"",IFERROR(INDEX(Items!$D$5:$D$19,MATCH(B41,Items!$A$5:$A$19,0))+SUMIFS(D$4:D40,B$4:B40,B41),"")) | I41: =IF(H41="","",MAX(0,MIN(D41,H41+D41-TotalShipped))) | J41: =IF(H41="","",D41-I41) | K41: =IF(OR(H41="",E41=""),"",I41*E41) | L41: =IF(H41="","",IF(I41>0,TODAY()-A41,"")) | M41: =IF(H41="","",IF(I41<=0,"Shipped",IF(L41<=AGE30,"Fresh",IF(L41<=AGE60,"Watch",IF(L41<=AGE90,"Aging","Old"))))) | N41: =IF(H41="","",J41*A41)
C42: =IF(B42="","",IFERROR(INDEX(Items!$B$5:$B$19,MATCH(B42,Items!$A$5:$A$19,0)),"Unknown code")) | E42: =IF(B42="","",IFERROR(INDEX(Items!$C$5:$C$19,MATCH(B42,Items!$A$5:$A$19,0)),"")) | F42: =IF(OR(D42="",E42=""),"",D42*E42) | H42: =IF(OR(A42="",B42="",D42=""),"",IFERROR(INDEX(Items!$D$5:$D$19,MATCH(B42,Items!$A$5:$A$19,0))+SUMIFS(D$4:D41,B$4:B41,B42),"")) | I42: =IF(H42="","",MAX(0,MIN(D42,H42+D42-TotalShipped))) | J42: =IF(H42="","",D42-I42) | K42: =IF(OR(H42="",E42=""),"",I42*E42) | L42: =IF(H42="","",IF(I42>0,TODAY()-A42,"")) | M42: =IF(H42="","",IF(I42<=0,"Shipped",IF(L42<=AGE30,"Fresh",IF(L42<=AGE60,"Watch",IF(L42<=AGE90,"Aging","Old"))))) | N42: =IF(H42="","",J42*A42)
C43: =IF(B43="","",IFERROR(INDEX(Items!$B$5:$B$19,MATCH(B43,Items!$A$5:$A$19,0)),"Unknown code")) | E43: =IF(B43="","",IFERROR(INDEX(Items!$C$5:$C$19,MATCH(B43,Items!$A$5:$A$19,0)),"")) | F43: =IF(OR(D43="",E43=""),"",D43*E43) | H43: =IF(OR(A43="",B43="",D43=""),"",IFERROR(INDEX(Items!$D$5:$D$19,MATCH(B43,Items!$A$5:$A$19,0))+SUMIFS(D$4:D42,B$4:B42,B43),"")) | I43: =IF(H43="","",MAX(0,MIN(D43,H43+D43-TotalShipped))) | J43: =IF(H43="","",D43-I43) | K43: =IF(OR(H43="",E43=""),"",I43*E43) | L43: =IF(H43="","",IF(I43>0,TODAY()-A43,"")) | M43: =IF(H43="","",IF(I43<=0,"Shipped",IF(L43<=AGE30,"Fresh",IF(L43<=AGE60,"Watch",IF(L43<=AGE90,"Aging","Old"))))) | N43: =IF(H43="","",J43*A43)
C44: =IF(B44="","",IFERROR(INDEX(Items!$B$5:$B$19,MATCH(B44,Items!$A$5:$A$19,0)),"Unknown code")) | E44: =IF(B44="","",IFERROR(INDEX(Items!$C$5:$C$19,MATCH(B44,Items!$A$5:$A$19,0)),"")) | F44: =IF(OR(D44="",E44=""),"",D44*E44) | H44: =IF(OR(A44="",B44="",D44=""),"",IFERROR(INDEX(Items!$D$5:$D$19,MATCH(B44,Items!$A$5:$A$19,0))+SUMIFS(D$4:D43,B$4:B43,B44),"")) | I44: =IF(H44="","",MAX(0,MIN(D44,H44+D44-TotalShipped))) | J44: =IF(H44="","",D44-I44) | K44: =IF(OR(H44="",E44=""),"",I44*E44) | L44: =IF(H44="","",IF(I44>0,TODAY()-A44,"")) | M44: =IF(H44="","",IF(I44<=0,"Shipped",IF(L44<=AGE30,"Fresh",IF(L44<=AGE60,"Watch",IF(L44<=AGE90,"Aging","Old"))))) | N44: =IF(H44="","",J44*A44)
C45: =IF(B45="","",IFERROR(INDEX(Items!$B$5:$B$19,MATCH(B45,Items!$A$5:$A$19,0)),"Unknown code")) | E45: =IF(B45="","",IFERROR(INDEX(Items!$C$5:$C$19,MATCH(B45,Items!$A$5:$A$19,0)),"")) | F45: =IF(OR(D45="",E45=""),"",D45*E45) | H45: =IF(OR(A45="",B45="",D45=""),"",IFERROR(INDEX(Items!$D$5:$D$19,MATCH(B45,Items!$A$5:$A$19,0))+SUMIFS(D$4:D44,B$4:B44,B45),"")) | I45: =IF(H45="","",MAX(0,MIN(D45,H45+D45-TotalShipped))) | J45: =IF(H45="","",D45-I45) | K45: =IF(OR(H45="",E45=""),"",I45*E45) | L45: =IF(H45="","",IF(I45>0,TODAY()-A45,"")) | M45: =IF(H45="","",IF(I45<=0,"Shipped",IF(L45<=AGE30,"Fresh",IF(L45<=AGE60,"Watch",IF(L45<=AGE90,"Aging","Old"))))) | N45: =IF(H45="","",J45*A45)
C46: =IF(B46="","",IFERROR(INDEX(Items!$B$5:$B$19,MATCH(B46,Items!$A$5:$A$19,0)),"Unknown code")) | E46: =IF(B46="","",IFERROR(INDEX(Items!$C$5:$C$19,MATCH(B46,Items!$A$5:$A$19,0)),"")) | F46: =IF(OR(D46="",E46=""),"",D46*E46) | H46: =IF(OR(A46="",B46="",D46=""),"",IFERROR(INDEX(Items!$D$5:$D$19,MATCH(B46,Items!$A$5:$A$19,0))+SUMIFS(D$4:D45,B$4:B45,B46),"")) | I46: =IF(H46="","",MAX(0,MIN(D46,H46+D46-TotalShipped))) | J46: =IF(H46="","",D46-I46) | K46: =IF(OR(H46="",E46=""),"",I46*E46) | L46: =IF(H46="","",IF(I46>0,TODAY()-A46,"")) | M46: =IF(H46="","",IF(I46<=0,"Shipped",IF(L46<=AGE30,"Fresh",IF(L46<=AGE60,"Watch",IF(L46<=AGE90,"Aging","Old"))))) | N46: =IF(H46="","",J46*A46)
C47: =IF(B47="","",IFERROR(INDEX(Items!$B$5:$B$19,MATCH(B47,Items!$A$5:$A$19,0)),"Unknown code")) | E47: =IF(B47="","",IFERROR(INDEX(Items!$C$5:$C$19,MATCH(B47,Items!$A$5:$A$19,0)),"")) | F47: =IF(OR(D47="",E47=""),"",D47*E47) | H47: =IF(OR(A47="",B47="",D47=""),"",IFERROR(INDEX(Items!$D$5:$D$19,MATCH(B47,Items!$A$5:$A$19,0))+SUMIFS(D$4:D46,B$4:B46,B47),"")) | I47: =IF(H47="","",MAX(0,MIN(D47,H47+D47-TotalShipped))) | J47: =IF(H47="","",D47-I47) | K47: =IF(OR(H47="",E47=""),"",I47*E47) | L47: =IF(H47="","",IF(I47>0,TODAY()-A47,"")) | M47: =IF(H47="","",IF(I47<=0,"Shipped",IF(L47<=AGE30,"Fresh",IF(L47<=AGE60,"Watch",IF(L47<=AGE90,"Aging","Old"))))) | N47: =IF(H47="","",J47*A47)
C48: =IF(B48="","",IFERROR(INDEX(Items!$B$5:$B$19,MATCH(B48,Items!$A$5:$A$19,0)),"Unknown code")) | E48: =IF(B48="","",IFERROR(INDEX(Items!$C$5:$C$19,MATCH(B48,Items!$A$5:$A$19,0)),"")) | F48: =IF(OR(D48="",E48=""),"",D48*E48) | H48: =IF(OR(A48="",B48="",D48=""),"",IFERROR(INDEX(Items!$D$5:$D$19,MATCH(B48,Items!$A$5:$A$19,0))+SUMIFS(D$4:D47,B$4:B47,B48),"")) | I48: =IF(H48="","",MAX(0,MIN(D48,H48+D48-TotalShipped))) | J48: =IF(H48="","",D48-I48) | K48: =IF(OR(H48="",E48=""),"",I48*E48) | L48: =IF(H48="","",IF(I48>0,TODAY()-A48,"")) | M48: =IF(H48="","",IF(I48<=0,"Shipped",IF(L48<=AGE30,"Fresh",IF(L48<=AGE60,"Watch",IF(L48<=AGE90,"Aging","Old"))))) | N48: =IF(H48="","",J48*A48)
C49: =IF(B49="","",IFERROR(INDEX(Items!$B$5:$B$19,MATCH(B49,Items!$A$5:$A$19,0)),"Unknown code")) | E49: =IF(B49="","",IFERROR(INDEX(Items!$C$5:$C$19,MATCH(B49,Items!$A$5:$A$19,0)),"")) | F49: =IF(OR(D49="",E49=""),"",D49*E49) | H49: =IF(OR(A49="",B49="",D49=""),"",IFERROR(INDEX(Items!$D$5:$D$19,MATCH(B49,Items!$A$5:$A$19,0))+SUMIFS(D$4:D48,B$4:B48,B49),"")) | I49: =IF(H49="","",MAX(0,MIN(D49,H49+D49-TotalShipped))) | J49: =IF(H49="","",D49-I49) | K49: =IF(OR(H49="",E49=""),"",I49*E49) | L49: =IF(H49="","",IF(I49>0,TODAY()-A49,"")) | M49: =IF(H49="","",IF(I49<=0,"Shipped",IF(L49<=AGE30,"Fresh",IF(L49<=AGE60,"Watch",IF(L49<=AGE90,"Aging","Old"))))) | N49: =IF(H49="","",J49*A49)
C50: =IF(B50="","",IFERROR(INDEX(Items!$B$5:$B$19,MATCH(B50,Items!$A$5:$A$19,0)),"Unknown code")) | E50: =IF(B50="","",IFERROR(INDEX(Items!$C$5:$C$19,MATCH(B50,Items!$A$5:$A$19,0)),"")) | F50: =IF(OR(D50="",E50=""),"",D50*E50) | H50: =IF(OR(A50="",B50="",D50=""),"",IFERROR(INDEX(Items!$D$5:$D$19,MATCH(B50,Items!$A$5:$A$19,0))+SUMIFS(D$4:D49,B$4:B49,B50),"")) | I50: =IF(H50="","",MAX(0,MIN(D50,H50+D50-TotalShipped))) | J50: =IF(H50="","",D50-I50) | K50: =IF(OR(H50="",E50=""),"",I50*E50) | L50: =IF(H50="","",IF(I50>0,TODAY()-A50,"")) | M50: =IF(H50="","",IF(I50<=0,"Shipped",IF(L50<=AGE30,"Fresh",IF(L50<=AGE60,"Watch",IF(L50<=AGE90,"Aging","Old"))))) | N50: =IF(H50="","",J50*A50)
C51: =IF(B51="","",IFERROR(INDEX(Items!$B$5:$B$19,MATCH(B51,Items!$A$5:$A$19,0)),"Unknown code")) | E51: =IF(B51="","",IFERROR(INDEX(Items!$C$5:$C$19,MATCH(B51,Items!$A$5:$A$19,0)),"")) | F51: =IF(OR(D51="",E51=""),"",D51*E51) | H51: =IF(OR(A51="",B51="",D51=""),"",IFERROR(INDEX(Items!$D$5:$D$19,MATCH(B51,Items!$A$5:$A$19,0))+SUMIFS(D$4:D50,B$4:B50,B51),"")) | I51: =IF(H51="","",MAX(0,MIN(D51,H51+D51-TotalShipped))) | J51: =IF(H51="","",D51-I51) | K51: =IF(OR(H51="",E51=""),"",I51*E51) | L51: =IF(H51="","",IF(I51>0,TODAY()-A51,"")) | M51: =IF(H51="","",IF(I51<=0,"Shipped",IF(L51<=AGE30,"Fresh",IF(L51<=AGE60,"Watch",IF(L51<=AGE90,"Aging","Old"))))) | N51: =IF(H51="","",J51*A51)
C52: =IF(B52="","",IFERROR(INDEX(Items!$B$5:$B$19,MATCH(B52,Items!$A$5:$A$19,0)),"Unknown code")) | E52: =IF(B52="","",IFERROR(INDEX(Items!$C$5:$C$19,MATCH(B52,Items!$A$5:$A$19,0)),"")) | F52: =IF(OR(D52="",E52=""),"",D52*E52) | H52: =IF(OR(A52="",B52="",D52=""),"",IFERROR(INDEX(Items!$D$5:$D$19,MATCH(B52,Items!$A$5:$A$19,0))+SUMIFS(D$4:D51,B$4:B51,B52),"")) | I52: =IF(H52="","",MAX(0,MIN(D52,H52+D52-TotalShipped))) | J52: =IF(H52="","",D52-I52) | K52: =IF(OR(H52="",E52=""),"",I52*E52) | L52: =IF(H52="","",IF(I52>0,TODAY()-A52,"")) | M52: =IF(H52="","",IF(I52<=0,"Shipped",IF(L52<=AGE30,"Fresh",IF(L52<=AGE60,"Watch",IF(L52<=AGE90,"Aging","Old"))))) | N52: =IF(H52="","",J52*A52)
C53: =IF(B53="","",IFERROR(INDEX(Items!$B$5:$B$19,MATCH(B53,Items!$A$5:$A$19,0)),"Unknown code")) | E53: =IF(B53="","",IFERROR(INDEX(Items!$C$5:$C$19,MATCH(B53,Items!$A$5:$A$19,0)),"")) | F53: =IF(OR(D53="",E53=""),"",D53*E53) | H53: =IF(OR(A53="",B53="",D53=""),"",IFERROR(INDEX(Items!$D$5:$D$19,MATCH(B53,Items!$A$5:$A$19,0))+SUMIFS(D$4:D52,B$4:B52,B53),"")) | I53: =IF(H53="","",MAX(0,MIN(D53,H53+D53-TotalShipped))) | J53: =IF(H53="","",D53-I53) | K53: =IF(OR(H53="",E53=""),"",I53*E53) | L53: =IF(H53="","",IF(I53>0,TODAY()-A53,"")) | M53: =IF(H53="","",IF(I53<=0,"Shipped",IF(L53<=AGE30,"Fresh",IF(L53<=AGE60,"Watch",IF(L53<=AGE90,"Aging","Old"))))) | N53: =IF(H53="","",J53*A53)
C54: =IF(B54="","",IFERROR(INDEX(Items!$B$5:$B$19,MATCH(B54,Items!$A$5:$A$19,0)),"Unknown code")) | E54: =IF(B54="","",IFERROR(INDEX(Items!$C$5:$C$19,MATCH(B54,Items!$A$5:$A$19,0)),"")) | F54: =IF(OR(D54="",E54=""),"",D54*E54) | H54: =IF(OR(A54="",B54="",D54=""),"",IFERROR(INDEX(Items!$D$5:$D$19,MATCH(B54,Items!$A$5:$A$19,0))+SUMIFS(D$4:D53,B$4:B53,B54),"")) | I54: =IF(H54="","",MAX(0,MIN(D54,H54+D54-TotalShipped))) | J54: =IF(H54="","",D54-I54) | K54: =IF(OR(H54="",E54=""),"",I54*E54) | L54: =IF(H54="","",IF(I54>0,TODAY()-A54,"")) | M54: =IF(H54="","",IF(I54<=0,"Shipped",IF(L54<=AGE30,"Fresh",IF(L54<=AGE60,"Watch",IF(L54<=AGE90,"Aging","Old"))))) | N54: =IF(H54="","",J54*A54)
C55: =IF(B55="","",IFERROR(INDEX(Items!$B$5:$B$19,MATCH(B55,Items!$A$5:$A$19,0)),"Unknown code")) | E55: =IF(B55="","",IFERROR(INDEX(Items!$C$5:$C$19,MATCH(B55,Items!$A$5:$A$19,0)),"")) | F55: =IF(OR(D55="",E55=""),"",D55*E55) | H55: =IF(OR(A55="",B55="",D55=""),"",IFERROR(INDEX(Items!$D$5:$D$19,MATCH(B55,Items!$A$5:$A$19,0))+SUMIFS(D$4:D54,B$4:B54,B55),"")) | I55: =IF(H55="","",MAX(0,MIN(D55,H55+D55-TotalShipped))) | J55: =IF(H55="","",D55-I55) | K55: =IF(OR(H55="",E55=""),"",I55*E55) | L55: =IF(H55="","",IF(I55>0,TODAY()-A55,"")) | M55: =IF(H55="","",IF(I55<=0,"Shipped",IF(L55<=AGE30,"Fresh",IF(L55<=AGE60,"Watch",IF(L55<=AGE90,"Aging","Old"))))) | N55: =IF(H55="","",J55*A55)
C56: =IF(B56="","",IFERROR(INDEX(Items!$B$5:$B$19,MATCH(B56,Items!$A$5:$A$19,0)),"Unknown code")) | E56: =IF(B56="","",IFERROR(INDEX(Items!$C$5:$C$19,MATCH(B56,Items!$A$5:$A$19,0)),"")) | F56: =IF(OR(D56="",E56=""),"",D56*E56) | H56: =IF(OR(A56="",B56="",D56=""),"",IFERROR(INDEX(Items!$D$5:$D$19,MATCH(B56,Items!$A$5:$A$19,0))+SUMIFS(D$4:D55,B$4:B55,B56),"")) | I56: =IF(H56="","",MAX(0,MIN(D56,H56+D56-TotalShipped))) | J56: =IF(H56="","",D56-I56) | K56: =IF(OR(H56="",E56=""),"",I56*E56) | L56: =IF(H56="","",IF(I56>0,TODAY()-A56,"")) | M56: =IF(H56="","",IF(I56<=0,"Shipped",IF(L56<=AGE30,"Fresh",IF(L56<=AGE60,"Watch",IF(L56<=AGE90,"Aging","Old"))))) | N56: =IF(H56="","",J56*A56)
C57: =IF(B57="","",IFERROR(INDEX(Items!$B$5:$B$19,MATCH(B57,Items!$A$5:$A$19,0)),"Unknown code")) | E57: =IF(B57="","",IFERROR(INDEX(Items!$C$5:$C$19,MATCH(B57,Items!$A$5:$A$19,0)),"")) | F57: =IF(OR(D57="",E57=""),"",D57*E57) | H57: =IF(OR(A57="",B57="",D57=""),"",IFERROR(INDEX(Items!$D$5:$D$19,MATCH(B57,Items!$A$5:$A$19,0))+SUMIFS(D$4:D56,B$4:B56,B57),"")) | I57: =IF(H57="","",MAX(0,MIN(D57,H57+D57-TotalShipped))) | J57: =IF(H57="","",D57-I57) | K57: =IF(OR(H57="",E57=""),"",I57*E57) | L57: =IF(H57="","",IF(I57>0,TODAY()-A57,"")) | M57: =IF(H57="","",IF(I57<=0,"Shipped",IF(L57<=AGE30,"Fresh",IF(L57<=AGE60,"Watch",IF(L57<=AGE90,"Aging","Old"))))) | N57: =IF(H57="","",J57*A57)
C58: =IF(B58="","",IFERROR(INDEX(Items!$B$5:$B$19,MATCH(B58,Items!$A$5:$A$19,0)),"Unknown code")) | E58: =IF(B58="","",IFERROR(INDEX(Items!$C$5:$C$19,MATCH(B58,Items!$A$5:$A$19,0)),"")) | F58: =IF(OR(D58="",E58=""),"",D58*E58) | H58: =IF(OR(A58="",B58="",D58=""),"",IFERROR(INDEX(Items!$D$5:$D$19,MATCH(B58,Items!$A$5:$A$19,0))+SUMIFS(D$4:D57,B$4:B57,B58),"")) | I58: =IF(H58="","",MAX(0,MIN(D58,H58+D58-TotalShipped))) | J58: =IF(H58="","",D58-I58) | K58: =IF(OR(H58="",E58=""),"",I58*E58) | L58: =IF(H58="","",IF(I58>0,TODAY()-A58,"")) | M58: =IF(H58="","",IF(I58<=0,"Shipped",IF(L58<=AGE30,"Fresh",IF(L58<=AGE60,"Watch",IF(L58<=AGE90,"Aging","Old"))))) | N58: =IF(H58="","",J58*A58)
C59: =IF(B59="","",IFERROR(INDEX(Items!$B$5:$B$19,MATCH(B59,Items!$A$5:$A$19,0)),"Unknown code")) | E59: =IF(B59="","",IFERROR(INDEX(Items!$C$5:$C$19,MATCH(B59,Items!$A$5:$A$19,0)),"")) | F59: =IF(OR(D59="",E59=""),"",D59*E59) | H59: =IF(OR(A59="",B59="",D59=""),"",IFERROR(INDEX(Items!$D$5:$D$19,MATCH(B59,Items!$A$5:$A$19,0))+SUMIFS(D$4:D58,B$4:B58,B59),"")) | I59: =IF(H59="","",MAX(0,MIN(D59,H59+D59-TotalShipped))) | J59: =IF(H59="","",D59-I59) | K59: =IF(OR(H59="",E59=""),"",I59*E59) | L59: =IF(H59="","",IF(I59>0,TODAY()-A59,"")) | M59: =IF(H59="","",IF(I59<=0,"Shipped",IF(L59<=AGE30,"Fresh",IF(L59<=AGE60,"Watch",IF(L59<=AGE90,"Aging","Old"))))) | N59: =IF(H59="","",J59*A59)
C60: =IF(B60="","",IFERROR(INDEX(Items!$B$5:$B$19,MATCH(B60,Items!$A$5:$A$19,0)),"Unknown code")) | E60: =IF(B60="","",IFERROR(INDEX(Items!$C$5:$C$19,MATCH(B60,Items!$A$5:$A$19,0)),"")) | F60: =IF(OR(D60="",E60=""),"",D60*E60) | H60: =IF(OR(A60="",B60="",D60=""),"",IFERROR(INDEX(Items!$D$5:$D$19,MATCH(B60,Items!$A$5:$A$19,0))+SUMIFS(D$4:D59,B$4:B59,B60),"")) | I60: =IF(H60="","",MAX(0,MIN(D60,H60+D60-TotalShipped))) | J60: =IF(H60="","",D60-I60) | K60: =IF(OR(H60="",E60=""),"",I60*E60) | L60: =IF(H60="","",IF(I60>0,TODAY()-A60,"")) | M60: =IF(H60="","",IF(I60<=0,"Shipped",IF(L60<=AGE30,"Fresh",IF(L60<=AGE60,"Watch",IF(L60<=AGE90,"Aging","Old"))))) | N60: =IF(H60="","",J60*A60)
C61: =IF(B61="","",IFERROR(INDEX(Items!$B$5:$B$19,MATCH(B61,Items!$A$5:$A$19,0)),"Unknown code")) | E61: =IF(B61="","",IFERROR(INDEX(Items!$C$5:$C$19,MATCH(B61,Items!$A$5:$A$19,0)),"")) | F61: =IF(OR(D61="",E61=""),"",D61*E61) | H61: =IF(OR(A61="",B61="",D61=""),"",IFERROR(INDEX(Items!$D$5:$D$19,MATCH(B61,Items!$A$5:$A$19,0))+SUMIFS(D$4:D60,B$4:B60,B61),"")) | I61: =IF(H61="","",MAX(0,MIN(D61,H61+D61-TotalShipped))) | J61: =IF(H61="","",D61-I61) | K61: =IF(OR(H61="",E61=""),"",I61*E61) | L61: =IF(H61="","",IF(I61>0,TODAY()-A61,"")) | M61: =IF(H61="","",IF(I61<=0,"Shipped",IF(L61<=AGE30,"Fresh",IF(L61<=AGE60,"Watch",IF(L61<=AGE90,"Aging","Old"))))) | N61: =IF(H61="","",J61*A61)
C62: =IF(B62="","",IFERROR(INDEX(Items!$B$5:$B$19,MATCH(B62,Items!$A$5:$A$19,0)),"Unknown code")) | E62: =IF(B62="","",IFERROR(INDEX(Items!$C$5:$C$19,MATCH(B62,Items!$A$5:$A$19,0)),"")) | F62: =IF(OR(D62="",E62=""),"",D62*E62) | H62: =IF(OR(A62="",B62="",D62=""),"",IFERROR(INDEX(Items!$D$5:$D$19,MATCH(B62,Items!$A$5:$A$19,0))+SUMIFS(D$4:D61,B$4:B61,B62),"")) | I62: =IF(H62="","",MAX(0,MIN(D62,H62+D62-TotalShipped))) | J62: =IF(H62="","",D62-I62) | K62: =IF(OR(H62="",E62=""),"",I62*E62) | L62: =IF(H62="","",IF(I62>0,TODAY()-A62,"")) | M62: =IF(H62="","",IF(I62<=0,"Shipped",IF(L62<=AGE30,"Fresh",IF(L62<=AGE60,"Watch",IF(L62<=AGE90,"Aging","Old"))))) | N62: =IF(H62="","",J62*A62)
C63: =IF(B63="","",IFERROR(INDEX(Items!$B$5:$B$19,MATCH(B63,Items!$A$5:$A$19,0)),"Unknown code")) | E63: =IF(B63="","",IFERROR(INDEX(Items!$C$5:$C$19,MATCH(B63,Items!$A$5:$A$19,0)),"")) | F63: =IF(OR(D63="",E63=""),"",D63*E63) | H63: =IF(OR(A63="",B63="",D63=""),"",IFERROR(INDEX(Items!$D$5:$D$19,MATCH(B63,Items!$A$5:$A$19,0))+SUMIFS(D$4:D62,B$4:B62,B63),"")) | I63: =IF(H63="","",MAX(0,MIN(D63,H63+D63-TotalShipped))) | J63: =IF(H63="","",D63-I63) | K63: =IF(OR(H63="",E63=""),"",I63*E63) | L63: =IF(H63="","",IF(I63>0,TODAY()-A63,"")) | M63: =IF(H63="","",IF(I63<=0,"Shipped",IF(L63<=AGE30,"Fresh",IF(L63<=AGE60,"Watch",IF(L63<=AGE90,"Aging","Old"))))) | N63: =IF(H63="","",J63*A63)
C64: =IF(B64="","",IFERROR(INDEX(Items!$B$5:$B$19,MATCH(B64,Items!$A$5:$A$19,0)),"Unknown code")) | E64: =IF(B64="","",IFERROR(INDEX(Items!$C$5:$C$19,MATCH(B64,Items!$A$5:$A$19,0)),"")) | F64: =IF(OR(D64="",E64=""),"",D64*E64) | H64: =IF(OR(A64="",B64="",D64=""),"",IFERROR(INDEX(Items!$D$5:$D$19,MATCH(B64,Items!$A$5:$A$19,0))+SUMIFS(D$4:D63,B$4:B63,B64),"")) | I64: =IF(H64="","",MAX(0,MIN(D64,H64+D64-TotalShipped))) | J64: =IF(H64="","",D64-I64) | K64: =IF(OR(H64="",E64=""),"",I64*E64) | L64: =IF(H64="","",IF(I64>0,TODAY()-A64,"")) | M64: =IF(H64="","",IF(I64<=0,"Shipped",IF(L64<=AGE30,"Fresh",IF(L64<=AGE60,"Watch",IF(L64<=AGE90,"Aging","Old"))))) | N64: =IF(H64="","",J64*A64)
C65: =IF(B65="","",IFERROR(INDEX(Items!$B$5:$B$19,MATCH(B65,Items!$A$5:$A$19,0)),"Unknown code")) | E65: =IF(B65="","",IFERROR(INDEX(Items!$C$5:$C$19,MATCH(B65,Items!$A$5:$A$19,0)),"")) | F65: =IF(OR(D65="",E65=""),"",D65*E65) | H65: =IF(OR(A65="",B65="",D65=""),"",IFERROR(INDEX(Items!$D$5:$D$19,MATCH(B65,Items!$A$5:$A$19,0))+SUMIFS(D$4:D64,B$4:B64,B65),"")) | I65: =IF(H65="","",MAX(0,MIN(D65,H65+D65-TotalShipped))) | J65: =IF(H65="","",D65-I65) | K65: =IF(OR(H65="",E65=""),"",I65*E65) | L65: =IF(H65="","",IF(I65>0,TODAY()-A65,"")) | M65: =IF(H65="","",IF(I65<=0,"Shipped",IF(L65<=AGE30,"Fresh",IF(L65<=AGE60,"Watch",IF(L65<=AGE90,"Aging","Old"))))) | N65: =IF(H65="","",J65*A65)
C66: =IF(B66="","",IFERROR(INDEX(Items!$B$5:$B$19,MATCH(B66,Items!$A$5:$A$19,0)),"Unknown code")) | E66: =IF(B66="","",IFERROR(INDEX(Items!$C$5:$C$19,MATCH(B66,Items!$A$5:$A$19,0)),"")) | F66: =IF(OR(D66="",E66=""),"",D66*E66) | H66: =IF(OR(A66="",B66="",D66=""),"",IFERROR(INDEX(Items!$D$5:$D$19,MATCH(B66,Items!$A$5:$A$19,0))+SUMIFS(D$4:D65,B$4:B65,B66),"")) | I66: =IF(H66="","",MAX(0,MIN(D66,H66+D66-TotalShipped))) | J66: =IF(H66="","",D66-I66) | K66: =IF(OR(H66="",E66=""),"",I66*E66) | L66: =IF(H66="","",IF(I66>0,TODAY()-A66,"")) | M66: =IF(H66="","",IF(I66<=0,"Shipped",IF(L66<=AGE30,"Fresh",IF(L66<=AGE60,"Watch",IF(L66<=AGE90,"Aging","Old"))))) | N66: =IF(H66="","",J66*A66)
C67: =IF(B67="","",IFERROR(INDEX(Items!$B$5:$B$19,MATCH(B67,Items!$A$5:$A$19,0)),"Unknown code")) | E67: =IF(B67="","",IFERROR(INDEX(Items!$C$5:$C$19,MATCH(B67,Items!$A$5:$A$19,0)),"")) | F67: =IF(OR(D67="",E67=""),"",D67*E67) | H67: =IF(OR(A67="",B67="",D67=""),"",IFERROR(INDEX(Items!$D$5:$D$19,MATCH(B67,Items!$A$5:$A$19,0))+SUMIFS(D$4:D66,B$4:B66,B67),"")) | I67: =IF(H67="","",MAX(0,MIN(D67,H67+D67-TotalShipped))) | J67: =IF(H67="","",D67-I67) | K67: =IF(OR(H67="",E67=""),"",I67*E67) | L67: =IF(H67="","",IF(I67>0,TODAY()-A67,"")) | M67: =IF(H67="","",IF(I67<=0,"Shipped",IF(L67<=AGE30,"Fresh",IF(L67<=AGE60,"Watch",IF(L67<=AGE90,"Aging","Old"))))) | N67: =IF(H67="","",J67*A67)
C68: =IF(B68="","",IFERROR(INDEX(Items!$B$5:$B$19,MATCH(B68,Items!$A$5:$A$19,0)),"Unknown code")) | E68: =IF(B68="","",IFERROR(INDEX(Items!$C$5:$C$19,MATCH(B68,Items!$A$5:$A$19,0)),"")) | F68: =IF(OR(D68="",E68=""),"",D68*E68) | H68: =IF(OR(A68="",B68="",D68=""),"",IFERROR(INDEX(Items!$D$5:$D$19,MATCH(B68,Items!$A$5:$A$19,0))+SUMIFS(D$4:D67,B$4:B67,B68),"")) | I68: =IF(H68="","",MAX(0,MIN(D68,H68+D68-TotalShipped))) | J68: =IF(H68="","",D68-I68) | K68: =IF(OR(H68="",E68=""),"",I68*E68) | L68: =IF(H68="","",IF(I68>0,TODAY()-A68,"")) | M68: =IF(H68="","",IF(I68<=0,"Shipped",IF(L68<=AGE30,"Fresh",IF(L68<=AGE60,"Watch",IF(L68<=AGE90,"Aging","Old"))))) | N68: =IF(H68="","",J68*A68)
C69: =IF(B69="","",IFERROR(INDEX(Items!$B$5:$B$19,MATCH(B69,Items!$A$5:$A$19,0)),"Unknown code")) | E69: =IF(B69="","",IFERROR(INDEX(Items!$C$5:$C$19,MATCH(B69,Items!$A$5:$A$19,0)),"")) | F69: =IF(OR(D69="",E69=""),"",D69*E69) | H69: =IF(OR(A69="",B69="",D69=""),"",IFERROR(INDEX(Items!$D$5:$D$19,MATCH(B69,Items!$A$5:$A$19,0))+SUMIFS(D$4:D68,B$4:B68,B69),"")) | I69: =IF(H69="","",MAX(0,MIN(D69,H69+D69-TotalShipped))) | J69: =IF(H69="","",D69-I69) | K69: =IF(OR(H69="",E69=""),"",I69*E69) | L69: =IF(H69="","",IF(I69>0,TODAY()-A69,"")) | M69: =IF(H69="","",IF(I69<=0,"Shipped",IF(L69<=AGE30,"Fresh",IF(L69<=AGE60,"Watch",IF(L69<=AGE90,"Aging","Old"))))) | N69: =IF(H69="","",J69*A69)
C70: =IF(B70="","",IFERROR(INDEX(Items!$B$5:$B$19,MATCH(B70,Items!$A$5:$A$19,0)),"Unknown code")) | E70: =IF(B70="","",IFERROR(INDEX(Items!$C$5:$C$19,MATCH(B70,Items!$A$5:$A$19,0)),"")) | F70: =IF(OR(D70="",E70=""),"",D70*E70) | H70: =IF(OR(A70="",B70="",D70=""),"",IFERROR(INDEX(Items!$D$5:$D$19,MATCH(B70,Items!$A$5:$A$19,0))+SUMIFS(D$4:D69,B$4:B69,B70),"")) | I70: =IF(H70="","",MAX(0,MIN(D70,H70+D70-TotalShipped))) | J70: =IF(H70="","",D70-I70) | K70: =IF(OR(H70="",E70=""),"",I70*E70) | L70: =IF(H70="","",IF(I70>0,TODAY()-A70,"")) | M70: =IF(H70="","",IF(I70<=0,"Shipped",IF(L70<=AGE30,"Fresh",IF(L70<=AGE60,"Watch",IF(L70<=AGE90,"Aging","Old"))))) | N70: =IF(H70="","",J70*A70)
C71: =IF(B71="","",IFERROR(INDEX(Items!$B$5:$B$19,MATCH(B71,Items!$A$5:$A$19,0)),"Unknown code")) | E71: =IF(B71="","",IFERROR(INDEX(Items!$C$5:$C$19,MATCH(B71,Items!$A$5:$A$19,0)),"")) | F71: =IF(OR(D71="",E71=""),"",D71*E71) | H71: =IF(OR(A71="",B71="",D71=""),"",IFERROR(INDEX(Items!$D$5:$D$19,MATCH(B71,Items!$A$5:$A$19,0))+SUMIFS(D$4:D70,B$4:B70,B71),"")) | I71: =IF(H71="","",MAX(0,MIN(D71,H71+D71-TotalShipped))) | J71: =IF(H71="","",D71-I71) | K71: =IF(OR(H71="",E71=""),"",I71*E71) | L71: =IF(H71="","",IF(I71>0,TODAY()-A71,"")) | M71: =IF(H71="","",IF(I71<=0,"Shipped",IF(L71<=AGE30,"Fresh",IF(L71<=AGE60,"Watch",IF(L71<=AGE90,"Aging","Old"))))) | N71: =IF(H71="","",J71*A71)
C72: =IF(B72="","",IFERROR(INDEX(Items!$B$5:$B$19,MATCH(B72,Items!$A$5:$A$19,0)),"Unknown code")) | E72: =IF(B72="","",IFERROR(INDEX(Items!$C$5:$C$19,MATCH(B72,Items!$A$5:$A$19,0)),"")) | F72: =IF(OR(D72="",E72=""),"",D72*E72) | H72: =IF(OR(A72="",B72="",D72=""),"",IFERROR(INDEX(Items!$D$5:$D$19,MATCH(B72,Items!$A$5:$A$19,0))+SUMIFS(D$4:D71,B$4:B71,B72),"")) | I72: =IF(H72="","",MAX(0,MIN(D72,H72+D72-TotalShipped))) | J72: =IF(H72="","",D72-I72) | K72: =IF(OR(H72="",E72=""),"",I72*E72) | L72: =IF(H72="","",IF(I72>0,TODAY()-A72,"")) | M72: =IF(H72="","",IF(I72<=0,"Shipped",IF(L72<=AGE30,"Fresh",IF(L72<=AGE60,"Watch",IF(L72<=AGE90,"Aging","Old"))))) | N72: =IF(H72="","",J72*A72)
C73: =IF(B73="","",IFERROR(INDEX(Items!$B$5:$B$19,MATCH(B73,Items!$A$5:$A$19,0)),"Unknown code")) | E73: =IF(B73="","",IFERROR(INDEX(Items!$C$5:$C$19,MATCH(B73,Items!$A$5:$A$19,0)),"")) | F73: =IF(OR(D73="",E73=""),"",D73*E73) | H73: =IF(OR(A73="",B73="",D73=""),"",IFERROR(INDEX(Items!$D$5:$D$19,MATCH(B73,Items!$A$5:$A$19,0))+SUMIFS(D$4:D72,B$4:B72,B73),"")) | I73: =IF(H73="","",MAX(0,MIN(D73,H73+D73-TotalShipped))) | J73: =IF(H73="","",D73-I73) | K73: =IF(OR(H73="",E73=""),"",I73*E73) | L73: =IF(H73="","",IF(I73>0,TODAY()-A73,"")) | M73: =IF(H73="","",IF(I73<=0,"Shipped",IF(L73<=AGE30,"Fresh",IF(L73<=AGE60,"Watch",IF(L73<=AGE90,"Aging","Old"))))) | N73: =IF(H73="","",J73*A73)
C74: =IF(B74="","",IFERROR(INDEX(Items!$B$5:$B$19,MATCH(B74,Items!$A$5:$A$19,0)),"Unknown code")) | E74: =IF(B74="","",IFERROR(INDEX(Items!$C$5:$C$19,MATCH(B74,Items!$A$5:$A$19,0)),"")) | F74: =IF(OR(D74="",E74=""),"",D74*E74) | H74: =IF(OR(A74="",B74="",D74=""),"",IFERROR(INDEX(Items!$D$5:$D$19,MATCH(B74,Items!$A$5:$A$19,0))+SUMIFS(D$4:D73,B$4:B73,B74),"")) | I74: =IF(H74="","",MAX(0,MIN(D74,H74+D74-TotalShipped))) | J74: =IF(H74="","",D74-I74) | K74: =IF(OR(H74="",E74=""),"",I74*E74) | L74: =IF(H74="","",IF(I74>0,TODAY()-A74,"")) | M74: =IF(H74="","",IF(I74<=0,"Shipped",IF(L74<=AGE30,"Fresh",IF(L74<=AGE60,"Watch",IF(L74<=AGE90,"Aging","Old"))))) | N74: =IF(H74="","",J74*A74)
C75: =IF(B75="","",IFERROR(INDEX(Items!$B$5:$B$19,MATCH(B75,Items!$A$5:$A$19,0)),"Unknown code")) | E75: =IF(B75="","",IFERROR(INDEX(Items!$C$5:$C$19,MATCH(B75,Items!$A$5:$A$19,0)),"")) | F75: =IF(OR(D75="",E75=""),"",D75*E75) | H75: =IF(OR(A75="",B75="",D75=""),"",IFERROR(INDEX(Items!$D$5:$D$19,MATCH(B75,Items!$A$5:$A$19,0))+SUMIFS(D$4:D74,B$4:B74,B75),"")) | I75: =IF(H75="","",MAX(0,MIN(D75,H75+D75-TotalShipped))) | J75: =IF(H75="","",D75-I75) | K75: =IF(OR(H75="",E75=""),"",I75*E75) | L75: =IF(H75="","",IF(I75>0,TODAY()-A75,"")) | M75: =IF(H75="","",IF(I75<=0,"Shipped",IF(L75<=AGE30,"Fresh",IF(L75<=AGE60,"Watch",IF(L75<=AGE90,"Aging","Old"))))) | N75: =IF(H75="","",J75*A75)
C76: =IF(B76="","",IFERROR(INDEX(Items!$B$5:$B$19,MATCH(B76,Items!$A$5:$A$19,0)),"Unknown code")) | E76: =IF(B76="","",IFERROR(INDEX(Items!$C$5:$C$19,MATCH(B76,Items!$A$5:$A$19,0)),"")) | F76: =IF(OR(D76="",E76=""),"",D76*E76) | H76: =IF(OR(A76="",B76="",D76=""),"",IFERROR(INDEX(Items!$D$5:$D$19,MATCH(B76,Items!$A$5:$A$19,0))+SUMIFS(D$4:D75,B$4:B75,B76),"")) | I76: =IF(H76="","",MAX(0,MIN(D76,H76+D76-TotalShipped))) | J76: =IF(H76="","",D76-I76) | K76: =IF(OR(H76="",E76=""),"",I76*E76) | L76: =IF(H76="","",IF(I76>0,TODAY()-A76,"")) | M76: =IF(H76="","",IF(I76<=0,"Shipped",IF(L76<=AGE30,"Fresh",IF(L76<=AGE60,"Watch",IF(L76<=AGE90,"Aging","Old"))))) | N76: =IF(H76="","",J76*A76)
C77: =IF(B77="","",IFERROR(INDEX(Items!$B$5:$B$19,MATCH(B77,Items!$A$5:$A$19,0)),"Unknown code")) | E77: =IF(B77="","",IFERROR(INDEX(Items!$C$5:$C$19,MATCH(B77,Items!$A$5:$A$19,0)),"")) | F77: =IF(OR(D77="",E77=""),"",D77*E77) | H77: =IF(OR(A77="",B77="",D77=""),"",IFERROR(INDEX(Items!$D$5:$D$19,MATCH(B77,Items!$A$5:$A$19,0))+SUMIFS(D$4:D76,B$4:B76,B77),"")) | I77: =IF(H77="","",MAX(0,MIN(D77,H77+D77-TotalShipped))) | J77: =IF(H77="","",D77-I77) | K77: =IF(OR(H77="",E77=""),"",I77*E77) | L77: =IF(H77="","",IF(I77>0,TODAY()-A77,"")) | M77: =IF(H77="","",IF(I77<=0,"Shipped",IF(L77<=AGE30,"Fresh",IF(L77<=AGE60,"Watch",IF(L77<=AGE90,"Aging","Old"))))) | N77: =IF(H77="","",J77*A77)
C78: =IF(B78="","",IFERROR(INDEX(Items!$B$5:$B$19,MATCH(B78,Items!$A$5:$A$19,0)),"Unknown code")) | E78: =IF(B78="","",IFERROR(INDEX(Items!$C$5:$C$19,MATCH(B78,Items!$A$5:$A$19,0)),"")) | F78: =IF(OR(D78="",E78=""),"",D78*E78) | H78: =IF(OR(A78="",B78="",D78=""),"",IFERROR(INDEX(Items!$D$5:$D$19,MATCH(B78,Items!$A$5:$A$19,0))+SUMIFS(D$4:D77,B$4:B77,B78),"")) | I78: =IF(H78="","",MAX(0,MIN(D78,H78+D78-TotalShipped))) | J78: =IF(H78="","",D78-I78) | K78: =IF(OR(H78="",E78=""),"",I78*E78) | L78: =IF(H78="","",IF(I78>0,TODAY()-A78,"")) | M78: =IF(H78="","",IF(I78<=0,"Shipped",IF(L78<=AGE30,"Fresh",IF(L78<=AGE60,"Watch",IF(L78<=AGE90,"Aging","Old"))))) | N78: =IF(H78="","",J78*A78)
C79: =IF(B79="","",IFERROR(INDEX(Items!$B$5:$B$19,MATCH(B79,Items!$A$5:$A$19,0)),"Unknown code")) | E79: =IF(B79="","",IFERROR(INDEX(Items!$C$5:$C$19,MATCH(B79,Items!$A$5:$A$19,0)),"")) | F79: =IF(OR(D79="",E79=""),"",D79*E79) | H79: =IF(OR(A79="",B79="",D79=""),"",IFERROR(INDEX(Items!$D$5:$D$19,MATCH(B79,Items!$A$5:$A$19,0))+SUMIFS(D$4:D78,B$4:B78,B79),"")) | I79: =IF(H79="","",MAX(0,MIN(D79,H79+D79-TotalShipped))) | J79: =IF(H79="","",D79-I79) | K79: =IF(OR(H79="",E79=""),"",I79*E79) | L79: =IF(H79="","",IF(I79>0,TODAY()-A79,"")) | M79: =IF(H79="","",IF(I79<=0,"Shipped",IF(L79<=AGE30,"Fresh",IF(L79<=AGE60,"Watch",IF(L79<=AGE90,"Aging","Old"))))) | N79: =IF(H79="","",J79*A79)
C80: =IF(B80="","",IFERROR(INDEX(Items!$B$5:$B$19,MATCH(B80,Items!$A$5:$A$19,0)),"Unknown code")) | E80: =IF(B80="","",IFERROR(INDEX(Items!$C$5:$C$19,MATCH(B80,Items!$A$5:$A$19,0)),"")) | F80: =IF(OR(D80="",E80=""),"",D80*E80) | H80: =IF(OR(A80="",B80="",D80=""),"",IFERROR(INDEX(Items!$D$5:$D$19,MATCH(B80,Items!$A$5:$A$19,0))+SUMIFS(D$4:D79,B$4:B79,B80),"")) | I80: =IF(H80="","",MAX(0,MIN(D80,H80+D80-TotalShipped))) | J80: =IF(H80="","",D80-I80) | K80: =IF(OR(H80="",E80=""),"",I80*E80) | L80: =IF(H80="","",IF(I80>0,TODAY()-A80,"")) | M80: =IF(H80="","",IF(I80<=0,"Shipped",IF(L80<=AGE30,"Fresh",IF(L80<=AGE60,"Watch",IF(L80<=AGE90,"Aging","Old"))))) | N80: =IF(H80="","",J80*A80)
C81: =IF(B81="","",IFERROR(INDEX(Items!$B$5:$B$19,MATCH(B81,Items!$A$5:$A$19,0)),"Unknown code")) | E81: =IF(B81="","",IFERROR(INDEX(Items!$C$5:$C$19,MATCH(B81,Items!$A$5:$A$19,0)),"")) | F81: =IF(OR(D81="",E81=""),"",D81*E81) | H81: =IF(OR(A81="",B81="",D81=""),"",IFERROR(INDEX(Items!$D$5:$D$19,MATCH(B81,Items!$A$5:$A$19,0))+SUMIFS(D$4:D80,B$4:B80,B81),"")) | I81: =IF(H81="","",MAX(0,MIN(D81,H81+D81-TotalShipped))) | J81: =IF(H81="","",D81-I81) | K81: =IF(OR(H81="",E81=""),"",I81*E81) | L81: =IF(H81="","",IF(I81>0,TODAY()-A81,"")) | M81: =IF(H81="","",IF(I81<=0,"Shipped",IF(L81<=AGE30,"Fresh",IF(L81<=AGE60,"Watch",IF(L81<=AGE90,"Aging","Old"))))) | N81: =IF(H81="","",J81*A81)
C82: =IF(B82="","",IFERROR(INDEX(Items!$B$5:$B$19,MATCH(B82,Items!$A$5:$A$19,0)),"Unknown code")) | E82: =IF(B82="","",IFERROR(INDEX(Items!$C$5:$C$19,MATCH(B82,Items!$A$5:$A$19,0)),"")) | F82: =IF(OR(D82="",E82=""),"",D82*E82) | H82: =IF(OR(A82="",B82="",D82=""),"",IFERROR(INDEX(Items!$D$5:$D$19,MATCH(B82,Items!$A$5:$A$19,0))+SUMIFS(D$4:D81,B$4:B81,B82),"")) | I82: =IF(H82="","",MAX(0,MIN(D82,H82+D82-TotalShipped))) | J82: =IF(H82="","",D82-I82) | K82: =IF(OR(H82="",E82=""),"",I82*E82) | L82: =IF(H82="","",IF(I82>0,TODAY()-A82,"")) | M82: =IF(H82="","",IF(I82<=0,"Shipped",IF(L82<=AGE30,"Fresh",IF(L82<=AGE60,"Watch",IF(L82<=AGE90,"Aging","Old"))))) | N82: =IF(H82="","",J82*A82)
C83: =IF(B83="","",IFERROR(INDEX(Items!$B$5:$B$19,MATCH(B83,Items!$A$5:$A$19,0)),"Unknown code")) | E83: =IF(B83="","",IFERROR(INDEX(Items!$C$5:$C$19,MATCH(B83,Items!$A$5:$A$19,0)),"")) | F83: =IF(OR(D83="",E83=""),"",D83*E83) | H83: =IF(OR(A83="",B83="",D83=""),"",IFERROR(INDEX(Items!$D$5:$D$19,MATCH(B83,Items!$A$5:$A$19,0))+SUMIFS(D$4:D82,B$4:B82,B83),"")) | I83: =IF(H83="","",MAX(0,MIN(D83,H83+D83-TotalShipped))) | J83: =IF(H83="","",D83-I83) | K83: =IF(OR(H83="",E83=""),"",I83*E83) | L83: =IF(H83="","",IF(I83>0,TODAY()-A83,"")) | M83: =IF(H83="","",IF(I83<=0,"Shipped",IF(L83<=AGE30,"Fresh",IF(L83<=AGE60,"Watch",IF(L83<=AGE90,"Aging","Old"))))) | N83: =IF(H83="","",J83*A83)
C84: =IF(B84="","",IFERROR(INDEX(Items!$B$5:$B$19,MATCH(B84,Items!$A$5:$A$19,0)),"Unknown code")) | E84: =IF(B84="","",IFERROR(INDEX(Items!$C$5:$C$19,MATCH(B84,Items!$A$5:$A$19,0)),"")) | F84: =IF(OR(D84="",E84=""),"",D84*E84) | H84: =IF(OR(A84="",B84="",D84=""),"",IFERROR(INDEX(Items!$D$5:$D$19,MATCH(B84,Items!$A$5:$A$19,0))+SUMIFS(D$4:D83,B$4:B83,B84),"")) | I84: =IF(H84="","",MAX(0,MIN(D84,H84+D84-TotalShipped))) | J84: =IF(H84="","",D84-I84) | K84: =IF(OR(H84="",E84=""),"",I84*E84) | L84: =IF(H84="","",IF(I84>0,TODAY()-A84,"")) | M84: =IF(H84="","",IF(I84<=0,"Shipped",IF(L84<=AGE30,"Fresh",IF(L84<=AGE60,"Watch",IF(L84<=AGE90,"Aging","Old"))))) | N84: =IF(H84="","",J84*A84)
C85: =IF(B85="","",IFERROR(INDEX(Items!$B$5:$B$19,MATCH(B85,Items!$A$5:$A$19,0)),"Unknown code")) | E85: =IF(B85="","",IFERROR(INDEX(Items!$C$5:$C$19,MATCH(B85,Items!$A$5:$A$19,0)),"")) | F85: =IF(OR(D85="",E85=""),"",D85*E85) | H85: =IF(OR(A85="",B85="",D85=""),"",IFERROR(INDEX(Items!$D$5:$D$19,MATCH(B85,Items!$A$5:$A$19,0))+SUMIFS(D$4:D84,B$4:B84,B85),"")) | I85: =IF(H85="","",MAX(0,MIN(D85,H85+D85-TotalShipped))) | J85: =IF(H85="","",D85-I85) | K85: =IF(OR(H85="",E85=""),"",I85*E85) | L85: =IF(H85="","",IF(I85>0,TODAY()-A85,"")) | M85: =IF(H85="","",IF(I85<=0,"Shipped",IF(L85<=AGE30,"Fresh",IF(L85<=AGE60,"Watch",IF(L85<=AGE90,"Aging","Old"))))) | N85: =IF(H85="","",J85*A85)
C86: =IF(B86="","",IFERROR(INDEX(Items!$B$5:$B$19,MATCH(B86,Items!$A$5:$A$19,0)),"Unknown code")) | E86: =IF(B86="","",IFERROR(INDEX(Items!$C$5:$C$19,MATCH(B86,Items!$A$5:$A$19,0)),"")) | F86: =IF(OR(D86="",E86=""),"",D86*E86) | H86: =IF(OR(A86="",B86="",D86=""),"",IFERROR(INDEX(Items!$D$5:$D$19,MATCH(B86,Items!$A$5:$A$19,0))+SUMIFS(D$4:D85,B$4:B85,B86),"")) | I86: =IF(H86="","",MAX(0,MIN(D86,H86+D86-TotalShipped))) | J86: =IF(H86="","",D86-I86) | K86: =IF(OR(H86="",E86=""),"",I86*E86) | L86: =IF(H86="","",IF(I86>0,TODAY()-A86,"")) | M86: =IF(H86="","",IF(I86<=0,"Shipped",IF(L86<=AGE30,"Fresh",IF(L86<=AGE60,"Watch",IF(L86<=AGE90,"Aging","Old"))))) | N86: =IF(H86="","",J86*A86)
C87: =IF(B87="","",IFERROR(INDEX(Items!$B$5:$B$19,MATCH(B87,Items!$A$5:$A$19,0)),"Unknown code")) | E87: =IF(B87="","",IFERROR(INDEX(Items!$C$5:$C$19,MATCH(B87,Items!$A$5:$A$19,0)),"")) | F87: =IF(OR(D87="",E87=""),"",D87*E87) | H87: =IF(OR(A87="",B87="",D87=""),"",IFERROR(INDEX(Items!$D$5:$D$19,MATCH(B87,Items!$A$5:$A$19,0))+SUMIFS(D$4:D86,B$4:B86,B87),"")) | I87: =IF(H87="","",MAX(0,MIN(D87,H87+D87-TotalShipped))) | J87: =IF(H87="","",D87-I87) | K87: =IF(OR(H87="",E87=""),"",I87*E87) | L87: =IF(H87="","",IF(I87>0,TODAY()-A87,"")) | M87: =IF(H87="","",IF(I87<=0,"Shipped",IF(L87<=AGE30,"Fresh",IF(L87<=AGE60,"Watch",IF(L87<=AGE90,"Aging","Old"))))) | N87: =IF(H87="","",J87*A87)
C88: =IF(B88="","",IFERROR(INDEX(Items!$B$5:$B$19,MATCH(B88,Items!$A$5:$A$19,0)),"Unknown code")) | E88: =IF(B88="","",IFERROR(INDEX(Items!$C$5:$C$19,MATCH(B88,Items!$A$5:$A$19,0)),"")) | F88: =IF(OR(D88="",E88=""),"",D88*E88) | H88: =IF(OR(A88="",B88="",D88=""),"",IFERROR(INDEX(Items!$D$5:$D$19,MATCH(B88,Items!$A$5:$A$19,0))+SUMIFS(D$4:D87,B$4:B87,B88),"")) | I88: =IF(H88="","",MAX(0,MIN(D88,H88+D88-TotalShipped))) | J88: =IF(H88="","",D88-I88) | K88: =IF(OR(H88="",E88=""),"",I88*E88) | L88: =IF(H88="","",IF(I88>0,TODAY()-A88,"")) | M88: =IF(H88="","",IF(I88<=0,"Shipped",IF(L88<=AGE30,"Fresh",IF(L88<=AGE60,"Watch",IF(L88<=AGE90,"Aging","Old"))))) | N88: =IF(H88="","",J88*A88)
C89: =IF(B89="","",IFERROR(INDEX(Items!$B$5:$B$19,MATCH(B89,Items!$A$5:$A$19,0)),"Unknown code")) | E89: =IF(B89="","",IFERROR(INDEX(Items!$C$5:$C$19,MATCH(B89,Items!$A$5:$A$19,0)),"")) | F89: =IF(OR(D89="",E89=""),"",D89*E89) | H89: =IF(OR(A89="",B89="",D89=""),"",IFERROR(INDEX(Items!$D$5:$D$19,MATCH(B89,Items!$A$5:$A$19,0))+SUMIFS(D$4:D88,B$4:B88,B89),"")) | I89: =IF(H89="","",MAX(0,MIN(D89,H89+D89-TotalShipped))) | J89: =IF(H89="","",D89-I89) | K89: =IF(OR(H89="",E89=""),"",I89*E89) | L89: =IF(H89="","",IF(I89>0,TODAY()-A89,"")) | M89: =IF(H89="","",IF(I89<=0,"Shipped",IF(L89<=AGE30,"Fresh",IF(L89<=AGE60,"Watch",IF(L89<=AGE90,"Aging","Old"))))) | N89: =IF(H89="","",J89*A89)
C90: =IF(B90="","",IFERROR(INDEX(Items!$B$5:$B$19,MATCH(B90,Items!$A$5:$A$19,0)),"Unknown code")) | E90: =IF(B90="","",IFERROR(INDEX(Items!$C$5:$C$19,MATCH(B90,Items!$A$5:$A$19,0)),"")) | F90: =IF(OR(D90="",E90=""),"",D90*E90) | H90: =IF(OR(A90="",B90="",D90=""),"",IFERROR(INDEX(Items!$D$5:$D$19,MATCH(B90,Items!$A$5:$A$19,0))+SUMIFS(D$4:D89,B$4:B89,B90),"")) | I90: =IF(H90="","",MAX(0,MIN(D90,H90+D90-TotalShipped))) | J90: =IF(H90="","",D90-I90) | K90: =IF(OR(H90="",E90=""),"",I90*E90) | L90: =IF(H90="","",IF(I90>0,TODAY()-A90,"")) | M90: =IF(H90="","",IF(I90<=0,"Shipped",IF(L90<=AGE30,"Fresh",IF(L90<=AGE60,"Watch",IF(L90<=AGE90,"Aging","Old"))))) | N90: =IF(H90="","",J90*A90)
C91: =IF(B91="","",IFERROR(INDEX(Items!$B$5:$B$19,MATCH(B91,Items!$A$5:$A$19,0)),"Unknown code")) | E91: =IF(B91="","",IFERROR(INDEX(Items!$C$5:$C$19,MATCH(B91,Items!$A$5:$A$19,0)),"")) | F91: =IF(OR(D91="",E91=""),"",D91*E91) | H91: =IF(OR(A91="",B91="",D91=""),"",IFERROR(INDEX(Items!$D$5:$D$19,MATCH(B91,Items!$A$5:$A$19,0))+SUMIFS(D$4:D90,B$4:B90,B91),"")) | I91: =IF(H91="","",MAX(0,MIN(D91,H91+D91-TotalShipped))) | J91: =IF(H91="","",D91-I91) | K91: =IF(OR(H91="",E91=""),"",I91*E91) | L91: =IF(H91="","",IF(I91>0,TODAY()-A91,"")) | M91: =IF(H91="","",IF(I91<=0,"Shipped",IF(L91<=AGE30,"Fresh",IF(L91<=AGE60,"Watch",IF(L91<=AGE90,"Aging","Old"))))) | N91: =IF(H91="","",J91*A91)
C92: =IF(B92="","",IFERROR(INDEX(Items!$B$5:$B$19,MATCH(B92,Items!$A$5:$A$19,0)),"Unknown code")) | E92: =IF(B92="","",IFERROR(INDEX(Items!$C$5:$C$19,MATCH(B92,Items!$A$5:$A$19,0)),"")) | F92: =IF(OR(D92="",E92=""),"",D92*E92) | H92: =IF(OR(A92="",B92="",D92=""),"",IFERROR(INDEX(Items!$D$5:$D$19,MATCH(B92,Items!$A$5:$A$19,0))+SUMIFS(D$4:D91,B$4:B91,B92),"")) | I92: =IF(H92="","",MAX(0,MIN(D92,H92+D92-TotalShipped))) | J92: =IF(H92="","",D92-I92) | K92: =IF(OR(H92="",E92=""),"",I92*E92) | L92: =IF(H92="","",IF(I92>0,TODAY()-A92,"")) | M92: =IF(H92="","",IF(I92<=0,"Shipped",IF(L92<=AGE30,"Fresh",IF(L92<=AGE60,"Watch",IF(L92<=AGE90,"Aging","Old"))))) | N92: =IF(H92="","",J92*A92)
C93: =IF(B93="","",IFERROR(INDEX(Items!$B$5:$B$19,MATCH(B93,Items!$A$5:$A$19,0)),"Unknown code")) | E93: =IF(B93="","",IFERROR(INDEX(Items!$C$5:$C$19,MATCH(B93,Items!$A$5:$A$19,0)),"")) | F93: =IF(OR(D93="",E93=""),"",D93*E93) | H93: =IF(OR(A93="",B93="",D93=""),"",IFERROR(INDEX(Items!$D$5:$D$19,MATCH(B93,Items!$A$5:$A$19,0))+SUMIFS(D$4:D92,B$4:B92,B93),"")) | I93: =IF(H93="","",MAX(0,MIN(D93,H93+D93-TotalShipped))) | J93: =IF(H93="","",D93-I93) | K93: =IF(OR(H93="",E93=""),"",I93*E93) | L93: =IF(H93="","",IF(I93>0,TODAY()-A93,"")) | M93: =IF(H93="","",IF(I93<=0,"Shipped",IF(L93<=AGE30,"Fresh",IF(L93<=AGE60,"Watch",IF(L93<=AGE90,"Aging","Old"))))) | N93: =IF(H93="","",J93*A93)
C94: =IF(B94="","",IFERROR(INDEX(Items!$B$5:$B$19,MATCH(B94,Items!$A$5:$A$19,0)),"Unknown code")) | E94: =IF(B94="","",IFERROR(INDEX(Items!$C$5:$C$19,MATCH(B94,Items!$A$5:$A$19,0)),"")) | F94: =IF(OR(D94="",E94=""),"",D94*E94) | H94: =IF(OR(A94="",B94="",D94=""),"",IFERROR(INDEX(Items!$D$5:$D$19,MATCH(B94,Items!$A$5:$A$19,0))+SUMIFS(D$4:D93,B$4:B93,B94),"")) | I94: =IF(H94="","",MAX(0,MIN(D94,H94+D94-TotalShipped))) | J94: =IF(H94="","",D94-I94) | K94: =IF(OR(H94="",E94=""),"",I94*E94) | L94: =IF(H94="","",IF(I94>0,TODAY()-A94,"")) | M94: =IF(H94="","",IF(I94<=0,"Shipped",IF(L94<=AGE30,"Fresh",IF(L94<=AGE60,"Watch",IF(L94<=AGE90,"Aging","Old"))))) | N94: =IF(H94="","",J94*A94)
C95: =IF(B95="","",IFERROR(INDEX(Items!$B$5:$B$19,MATCH(B95,Items!$A$5:$A$19,0)),"Unknown code")) | E95: =IF(B95="","",IFERROR(INDEX(Items!$C$5:$C$19,MATCH(B95,Items!$A$5:$A$19,0)),"")) | F95: =IF(OR(D95="",E95=""),"",D95*E95) | H95: =IF(OR(A95="",B95="",D95=""),"",IFERROR(INDEX(Items!$D$5:$D$19,MATCH(B95,Items!$A$5:$A$19,0))+SUMIFS(D$4:D94,B$4:B94,B95),"")) | I95: =IF(H95="","",MAX(0,MIN(D95,H95+D95-TotalShipped))) | J95: =IF(H95="","",D95-I95) | K95: =IF(OR(H95="",E95=""),"",I95*E95) | L95: =IF(H95="","",IF(I95>0,TODAY()-A95,"")) | M95: =IF(H95="","",IF(I95<=0,"Shipped",IF(L95<=AGE30,"Fresh",IF(L95<=AGE60,"Watch",IF(L95<=AGE90,"Aging","Old"))))) | N95: =IF(H95="","",J95*A95)
C96: =IF(B96="","",IFERROR(INDEX(Items!$B$5:$B$19,MATCH(B96,Items!$A$5:$A$19,0)),"Unknown code")) | E96: =IF(B96="","",IFERROR(INDEX(Items!$C$5:$C$19,MATCH(B96,Items!$A$5:$A$19,0)),"")) | F96: =IF(OR(D96="",E96=""),"",D96*E96) | H96: =IF(OR(A96="",B96="",D96=""),"",IFERROR(INDEX(Items!$D$5:$D$19,MATCH(B96,Items!$A$5:$A$19,0))+SUMIFS(D$4:D95,B$4:B95,B96),"")) | I96: =IF(H96="","",MAX(0,MIN(D96,H96+D96-TotalShipped))) | J96: =IF(H96="","",D96-I96) | K96: =IF(OR(H96="",E96=""),"",I96*E96) | L96: =IF(H96="","",IF(I96>0,TODAY()-A96,"")) | M96: =IF(H96="","",IF(I96<=0,"Shipped",IF(L96<=AGE30,"Fresh",IF(L96<=AGE60,"Watch",IF(L96<=AGE90,"Aging","Old"))))) | N96: =IF(H96="","",J96*A96)
C97: =IF(B97="","",IFERROR(INDEX(Items!$B$5:$B$19,MATCH(B97,Items!$A$5:$A$19,0)),"Unknown code")) | E97: =IF(B97="","",IFERROR(INDEX(Items!$C$5:$C$19,MATCH(B97,Items!$A$5:$A$19,0)),"")) | F97: =IF(OR(D97="",E97=""),"",D97*E97) | H97: =IF(OR(A97="",B97="",D97=""),"",IFERROR(INDEX(Items!$D$5:$D$19,MATCH(B97,Items!$A$5:$A$19,0))+SUMIFS(D$4:D96,B$4:B96,B97),"")) | I97: =IF(H97="","",MAX(0,MIN(D97,H97+D97-TotalShipped))) | J97: =IF(H97="","",D97-I97) | K97: =IF(OR(H97="",E97=""),"",I97*E97) | L97: =IF(H97="","",IF(I97>0,TODAY()-A97,"")) | M97: =IF(H97="","",IF(I97<=0,"Shipped",IF(L97<=AGE30,"Fresh",IF(L97<=AGE60,"Watch",IF(L97<=AGE90,"Aging","Old"))))) | N97: =IF(H97="","",J97*A97)
C98: =IF(B98="","",IFERROR(INDEX(Items!$B$5:$B$19,MATCH(B98,Items!$A$5:$A$19,0)),"Unknown code")) | E98: =IF(B98="","",IFERROR(INDEX(Items!$C$5:$C$19,MATCH(B98,Items!$A$5:$A$19,0)),"")) | F98: =IF(OR(D98="",E98=""),"",D98*E98) | H98: =IF(OR(A98="",B98="",D98=""),"",IFERROR(INDEX(Items!$D$5:$D$19,MATCH(B98,Items!$A$5:$A$19,0))+SUMIFS(D$4:D97,B$4:B97,B98),"")) | I98: =IF(H98="","",MAX(0,MIN(D98,H98+D98-TotalShipped))) | J98: =IF(H98="","",D98-I98) | K98: =IF(OR(H98="",E98=""),"",I98*E98) | L98: =IF(H98="","",IF(I98>0,TODAY()-A98,"")) | M98: =IF(H98="","",IF(I98<=0,"Shipped",IF(L98<=AGE30,"Fresh",IF(L98<=AGE60,"Watch",IF(L98<=AGE90,"Aging","Old"))))) | N98: =IF(H98="","",J98*A98)
C99: =IF(B99="","",IFERROR(INDEX(Items!$B$5:$B$19,MATCH(B99,Items!$A$5:$A$19,0)),"Unknown code")) | E99: =IF(B99="","",IFERROR(INDEX(Items!$C$5:$C$19,MATCH(B99,Items!$A$5:$A$19,0)),"")) | F99: =IF(OR(D99="",E99=""),"",D99*E99) | H99: =IF(OR(A99="",B99="",D99=""),"",IFERROR(INDEX(Items!$D$5:$D$19,MATCH(B99,Items!$A$5:$A$19,0))+SUMIFS(D$4:D98,B$4:B98,B99),"")) | I99: =IF(H99="","",MAX(0,MIN(D99,H99+D99-TotalShipped))) | J99: =IF(H99="","",D99-I99) | K99: =IF(OR(H99="",E99=""),"",I99*E99) | L99: =IF(H99="","",IF(I99>0,TODAY()-A99,"")) | M99: =IF(H99="","",IF(I99<=0,"Shipped",IF(L99<=AGE30,"Fresh",IF(L99<=AGE60,"Watch",IF(L99<=AGE90,"Aging","Old"))))) | N99: =IF(H99="","",J99*A99)
C100: =IF(B100="","",IFERROR(INDEX(Items!$B$5:$B$19,MATCH(B100,Items!$A$5:$A$19,0)),"Unknown code")) | E100: =IF(B100="","",IFERROR(INDEX(Items!$C$5:$C$19,MATCH(B100,Items!$A$5:$A$19,0)),"")) | F100: =IF(OR(D100="",E100=""),"",D100*E100) | H100: =IF(OR(A100="",B100="",D100=""),"",IFERROR(INDEX(Items!$D$5:$D$19,MATCH(B100,Items!$A$5:$A$19,0))+SUMIFS(D$4:D99,B$4:B99,B100),"")) | I100: =IF(H100="","",MAX(0,MIN(D100,H100+D100-TotalShipped))) | J100: =IF(H100="","",D100-I100) | K100: =IF(OR(H100="",E100=""),"",I100*E100) | L100: =IF(H100="","",IF(I100>0,TODAY()-A100,"")) | M100: =IF(H100="","",IF(I100<=0,"Shipped",IF(L100<=AGE30,"Fresh",IF(L100<=AGE60,"Watch",IF(L100<=AGE90,"Aging","Old"))))) | N100: =IF(H100="","",J100*A100)
C101: =IF(B101="","",IFERROR(INDEX(Items!$B$5:$B$19,MATCH(B101,Items!$A$5:$A$19,0)),"Unknown code")) | E101: =IF(B101="","",IFERROR(INDEX(Items!$C$5:$C$19,MATCH(B101,Items!$A$5:$A$19,0)),"")) | F101: =IF(OR(D101="",E101=""),"",D101*E101) | H101: =IF(OR(A101="",B101="",D101=""),"",IFERROR(INDEX(Items!$D$5:$D$19,MATCH(B101,Items!$A$5:$A$19,0))+SUMIFS(D$4:D100,B$4:B100,B101),"")) | I101: =IF(H101="","",MAX(0,MIN(D101,H101+D101-TotalShipped))) | J101: =IF(H101="","",D101-I101) | K101: =IF(OR(H101="",E101=""),"",I101*E101) | L101: =IF(H101="","",IF(I101>0,TODAY()-A101,"")) | M101: =IF(H101="","",IF(I101<=0,"Shipped",IF(L101<=AGE30,"Fresh",IF(L101<=AGE60,"Watch",IF(L101<=AGE90,"Aging","Old"))))) | N101: =IF(H101="","",J101*A101)
...

Sheet Shipping
A1: Shipping Log - Finished Products Shipped
A2: Add one row per shipment in the next empty row (keep rows in date order). Each finished product removes one of EVERY component from stock.
A4: Date Shipped | B4: Order / Serial # | C4: Qty of Finished Products Shipped | D4: Notes (optional)
A5: 46354 | B5: 5674

Sheet Settings
A1: Settings
A2: Yellow cells are inputs. Everything else calculates automatically.
A4: Go-live date (date opening inventory was counted) | B4: 46309 | C4: ASSUMPTION: set to the date this system starts. Opening stock is treated as received on this date, so its aging starts at zero here.
A5: Aging: 'Fresh' up to (days) | B5: 60 | C5: Default 30. Stock older than this becomes 'Watch'.
A6: Aging: 'Watch' up to (days) | B6: 120 | C6: Default 60. Stock older than this becomes 'Aging'.
A7: Aging: 'Aging' up to (days) | B7: 300 | C7: Default 90. Stock older than this becomes 'Old'.
A9: Calculated values used by other sheets (do not edit)
A10: Finished products shipped (total) | B10: =SUM(Shipping!$C$5:$C$1004) -> 0 | C10: Each shipped product uses exactly one of every component (given by the company).
A11: Sum of (ship date x qty) over all shipments | B11: =SUMPRODUCT(Shipping!$A$5:$A$1004,Shipping!$C$5:$C$1004) -> 0 | C11: Helper for the average-days-to-ship calculation.
A12: Opening stock still on hand, at cost | B12: =SUMPRODUCT(Items!$I$5:$I$19,Items!$C$5:$C$19) -> 142542 | C12: Opening units not yet shipped x unit cost.
A13: Age of opening stock today (days) | B13: =TODAY()-StartDate -> 1
